[
    {
        "id": 3910,
        "name": "Aberfoyle Park",
        "country": "AUS",
        "state": "SA"
    },
    {
        "id": 3919,
        "name": "Adelaide",
        "country": "AUS",
        "state": "SA"
    },
    {
        "id": 3921,
        "name": "Adelaide city centre",
        "country": "AUS",
        "state": "SA"
    },
    {
        "id": 3920,
        "name": "Adelaide Hills",
        "country": "AUS",
        "state": "SA"
    },
    {
        "id": 3933,
        "name": "Albert Park",
        "country": "AUS",
        "state": "SA"
    },
    {
        "id": 3935,
        "name": "Alberton",
        "country": "AUS",
        "state": "SA"
    },
    {
        "id": 3944,
        "name": "Aldgate",
        "country": "AUS",
        "state": "SA"
    },
    {
        "id": 3945,
        "name": "Aldinga Beach",
        "country": "AUS",
        "state": "SA"
    },
    {
        "id": 3951,
        "name": "Alexandrina",
        "country": "AUS",
        "state": "SA"
    },
    {
        "id": 3962,
        "name": "Allenby Gardens",
        "country": "AUS",
        "state": "SA"
    },
    {
        "id": 3976,
        "name": "Anangu Pitjantjatjara",
        "country": "AUS",
        "state": "SA"
    },
    {
        "id": 3978,
        "name": "Andrews Farm",
        "country": "AUS",
        "state": "SA"
    },
    {
        "id": 3979,
        "name": "Angaston",
        "country": "AUS",
        "state": "SA"
    },
    {
        "id": 3980,
        "name": "Angle Park",
        "country": "AUS",
        "state": "SA"
    },
    {
        "id": 3981,
        "name": "Angle Vale",
        "country": "AUS",
        "state": "SA"
    },
    {
        "id": 4001,
        "name": "Ardrossan",
        "country": "AUS",
        "state": "SA"
    },
    {
        "id": 4014,
        "name": "Ascot Park",
        "country": "AUS",
        "state": "SA"
    },
    {
        "id": 4023,
        "name": "Ashford",
        "country": "AUS",
        "state": "SA"
    },
    {
        "id": 4033,
        "name": "Athelstone",
        "country": "AUS",
        "state": "SA"
    },
    {
        "id": 4035,
        "name": "Athol Park",
        "country": "AUS",
        "state": "SA"
    },
    {
        "id": 4069,
        "name": "Balaklava",
        "country": "AUS",
        "state": "SA"
    },
    {
        "id": 4077,
        "name": "Balhannah",
        "country": "AUS",
        "state": "SA"
    },
    {
        "id": 4102,
        "name": "Banksia Park",
        "country": "AUS",
        "state": "SA"
    },
    {
        "id": 4122,
        "name": "Barmera",
        "country": "AUS",
        "state": "SA"
    },
    {
        "id": 4126,
        "name": "Barossa",
        "country": "AUS",
        "state": "SA"
    },
    {
        "id": 4130,
        "name": "Barunga West",
        "country": "AUS",
        "state": "SA"
    },
    {
        "id": 4168,
        "name": "Beaumont",
        "country": "AUS",
        "state": "SA"
    },
    {
        "id": 4173,
        "name": "Bedford Park",
        "country": "AUS",
        "state": "SA"
    },
    {
        "id": 4183,
        "name": "Belair",
        "country": "AUS",
        "state": "SA"
    },
    {
        "id": 4202,
        "name": "Bellevue Heights",
        "country": "AUS",
        "state": "SA"
    },
    {
        "id": 4236,
        "name": "Berri",
        "country": "AUS",
        "state": "SA"
    },
    {
        "id": 4237,
        "name": "Berri and Barmera",
        "country": "AUS",
        "state": "SA"
    },
    {
        "id": 4247,
        "name": "Beulah Park",
        "country": "AUS",
        "state": "SA"
    },
    {
        "id": 4250,
        "name": "Beverley",
        "country": "AUS",
        "state": "SA"
    },
    {
        "id": 4268,
        "name": "Birdwood",
        "country": "AUS",
        "state": "SA"
    },
    {
        "id": 4270,
        "name": "Birkenhead",
        "country": "AUS",
        "state": "SA"
    },
    {
        "id": 4275,
        "name": "Black Forest",
        "country": "AUS",
        "state": "SA"
    },
    {
        "id": 4296,
        "name": "Blackwood",
        "country": "AUS",
        "state": "SA"
    },
    {
        "id": 4297,
        "name": "Blair Athol",
        "country": "AUS",
        "state": "SA"
    },
    {
        "id": 4301,
        "name": "Blakeview",
        "country": "AUS",
        "state": "SA"
    },
    {
        "id": 4348,
        "name": "Bordertown",
        "country": "AUS",
        "state": "SA"
    },
    {
        "id": 4378,
        "name": "Brahma Lodge",
        "country": "AUS",
        "state": "SA"
    },
    {
        "id": 4397,
        "name": "Bridgewater",
        "country": "AUS",
        "state": "SA"
    },
    {
        "id": 4401,
        "name": "Brighton",
        "country": "AUS",
        "state": "SA"
    },
    {
        "id": 4417,
        "name": "Broadview",
        "country": "AUS",
        "state": "SA"
    },
    {
        "id": 4422,
        "name": "Brompton",
        "country": "AUS",
        "state": "SA"
    },
    {
        "id": 4428,
        "name": "Brooklyn Park",
        "country": "AUS",
        "state": "SA"
    },
    {
        "id": 4486,
        "name": "Burnside",
        "country": "AUS",
        "state": "SA"
    },
    {
        "id": 4493,
        "name": "Burra",
        "country": "AUS",
        "state": "SA"
    },
    {
        "id": 4499,
        "name": "Burton",
        "country": "AUS",
        "state": "SA"
    },
    {
        "id": 4546,
        "name": "Camden Park",
        "country": "AUS",
        "state": "SA"
    },
    {
        "id": 4559,
        "name": "Campbelltown",
        "country": "AUS",
        "state": "SA"
    },
    {
        "id": 4646,
        "name": "Ceduna",
        "country": "AUS",
        "state": "SA"
    },
    {
        "id": 4664,
        "name": "Charles Sturt",
        "country": "AUS",
        "state": "SA"
    },
    {
        "id": 4678,
        "name": "Cheltenham",
        "country": "AUS",
        "state": "SA"
    },
    {
        "id": 4701,
        "name": "Christie Downs",
        "country": "AUS",
        "state": "SA"
    },
    {
        "id": 4702,
        "name": "Christies Beach",
        "country": "AUS",
        "state": "SA"
    },
    {
        "id": 4713,
        "name": "City of West Torrens",
        "country": "AUS",
        "state": "SA"
    },
    {
        "id": 4714,
        "name": "Clapham",
        "country": "AUS",
        "state": "SA"
    },
    {
        "id": 4715,
        "name": "Clare",
        "country": "AUS",
        "state": "SA"
    },
    {
        "id": 4716,
        "name": "Clare and Gilbert Valleys",
        "country": "AUS",
        "state": "SA"
    },
    {
        "id": 4721,
        "name": "Clarence Gardens",
        "country": "AUS",
        "state": "SA"
    },
    {
        "id": 4722,
        "name": "Clarence Park",
        "country": "AUS",
        "state": "SA"
    },
    {
        "id": 4733,
        "name": "Clearview",
        "country": "AUS",
        "state": "SA"
    },
    {
        "id": 4736,
        "name": "Cleve",
        "country": "AUS",
        "state": "SA"
    },
    {
        "id": 4747,
        "name": "Clovelly Park",
        "country": "AUS",
        "state": "SA"
    },
    {
        "id": 4778,
        "name": "Collinswood",
        "country": "AUS",
        "state": "SA"
    },
    {
        "id": 4780,
        "name": "Colonel Light Gardens",
        "country": "AUS",
        "state": "SA"
    },
    {
        "id": 4794,
        "name": "Coober Pedy",
        "country": "AUS",
        "state": "SA"
    },
    {
        "id": 4831,
        "name": "Copper Coast",
        "country": "AUS",
        "state": "SA"
    },
    {
        "id": 4841,
        "name": "Coromandel Valley",
        "country": "AUS",
        "state": "SA"
    },
    {
        "id": 4850,
        "name": "Cowandilla",
        "country": "AUS",
        "state": "SA"
    },
    {
        "id": 4852,
        "name": "Cowell",
        "country": "AUS",
        "state": "SA"
    },
    {
        "id": 4856,
        "name": "Crafers",
        "country": "AUS",
        "state": "SA"
    },
    {
        "id": 4857,
        "name": "Crafers West",
        "country": "AUS",
        "state": "SA"
    },
    {
        "id": 4858,
        "name": "Craigburn Farm",
        "country": "AUS",
        "state": "SA"
    },
    {
        "id": 4862,
        "name": "Craigmore",
        "country": "AUS",
        "state": "SA"
    },
    {
        "id": 4894,
        "name": "Croydon Park",
        "country": "AUS",
        "state": "SA"
    },
    {
        "id": 4896,
        "name": "Crystal Brook",
        "country": "AUS",
        "state": "SA"
    },
    {
        "id": 4902,
        "name": "Cumberland Park",
        "country": "AUS",
        "state": "SA"
    },
    {
        "id": 4942,
        "name": "Darlington",
        "country": "AUS",
        "state": "SA"
    },
    {
        "id": 4950,
        "name": "Davoren Park",
        "country": "AUS",
        "state": "SA"
    },
    {
        "id": 4951,
        "name": "Daw Park",
        "country": "AUS",
        "state": "SA"
    },
    {
        "id": 4979,
        "name": "Dernancourt",
        "country": "AUS",
        "state": "SA"
    },
    {
        "id": 5020,
        "name": "Dover Gardens",
        "country": "AUS",
        "state": "SA"
    },
    {
        "id": 5037,
        "name": "Dulwich",
        "country": "AUS",
        "state": "SA"
    },
    {
        "id": 5104,
        "name": "Echunga",
        "country": "AUS",
        "state": "SA"
    },
    {
        "id": 5107,
        "name": "Eden Hills",
        "country": "AUS",
        "state": "SA"
    },
    {
        "id": 5118,
        "name": "Edwardstown",
        "country": "AUS",
        "state": "SA"
    },
    {
        "id": 5131,
        "name": "Elizabeth Downs",
        "country": "AUS",
        "state": "SA"
    },
    {
        "id": 5132,
        "name": "Elizabeth East",
        "country": "AUS",
        "state": "SA"
    },
    {
        "id": 5133,
        "name": "Elizabeth Grove",
        "country": "AUS",
        "state": "SA"
    },
    {
        "id": 5135,
        "name": "Elizabeth North",
        "country": "AUS",
        "state": "SA"
    },
    {
        "id": 5136,
        "name": "Elizabeth Park",
        "country": "AUS",
        "state": "SA"
    },
    {
        "id": 5137,
        "name": "Elizabeth South",
        "country": "AUS",
        "state": "SA"
    },
    {
        "id": 5138,
        "name": "Elizabeth Vale",
        "country": "AUS",
        "state": "SA"
    },
    {
        "id": 5144,
        "name": "Elliston",
        "country": "AUS",
        "state": "SA"
    },
    {
        "id": 5158,
        "name": "Encounter Bay",
        "country": "AUS",
        "state": "SA"
    },
    {
        "id": 5160,
        "name": "Enfield",
        "country": "AUS",
        "state": "SA"
    },
    {
        "id": 5168,
        "name": "Erindale",
        "country": "AUS",
        "state": "SA"
    },
    {
        "id": 5181,
        "name": "Ethelton",
        "country": "AUS",
        "state": "SA"
    },
    {
        "id": 5192,
        "name": "Evandale",
        "country": "AUS",
        "state": "SA"
    },
    {
        "id": 5194,
        "name": "Evanston",
        "country": "AUS",
        "state": "SA"
    },
    {
        "id": 5195,
        "name": "Evanston Gardens",
        "country": "AUS",
        "state": "SA"
    },
    {
        "id": 5196,
        "name": "Evanston Park",
        "country": "AUS",
        "state": "SA"
    },
    {
        "id": 5198,
        "name": "Everard Park",
        "country": "AUS",
        "state": "SA"
    },
    {
        "id": 5201,
        "name": "Exeter",
        "country": "AUS",
        "state": "SA"
    },
    {
        "id": 5212,
        "name": "Fairview Park",
        "country": "AUS",
        "state": "SA"
    },
    {
        "id": 5222,
        "name": "Felixstow",
        "country": "AUS",
        "state": "SA"
    },
    {
        "id": 5232,
        "name": "Ferryden Park",
        "country": "AUS",
        "state": "SA"
    },
    {
        "id": 5235,
        "name": "Findon",
        "country": "AUS",
        "state": "SA"
    },
    {
        "id": 5238,
        "name": "Firle",
        "country": "AUS",
        "state": "SA"
    },
    {
        "id": 5245,
        "name": "Flagstaff Hill",
        "country": "AUS",
        "state": "SA"
    },
    {
        "id": 5251,
        "name": "Flinders Park",
        "country": "AUS",
        "state": "SA"
    },
    {
        "id": 5252,
        "name": "Flinders Ranges",
        "country": "AUS",
        "state": "SA"
    },
    {
        "id": 5268,
        "name": "Forestville",
        "country": "AUS",
        "state": "SA"
    },
    {
        "id": 5279,
        "name": "Franklin Harbour",
        "country": "AUS",
        "state": "SA"
    },
    {
        "id": 5287,
        "name": "Freeling",
        "country": "AUS",
        "state": "SA"
    },
    {
        "id": 5294,
        "name": "Fulham",
        "country": "AUS",
        "state": "SA"
    },
    {
        "id": 5295,
        "name": "Fulham Gardens",
        "country": "AUS",
        "state": "SA"
    },
    {
        "id": 5296,
        "name": "Fullarton",
        "country": "AUS",
        "state": "SA"
    },
    {
        "id": 5310,
        "name": "Gawler",
        "country": "AUS",
        "state": "SA"
    },
    {
        "id": 5311,
        "name": "Gawler East",
        "country": "AUS",
        "state": "SA"
    },
    {
        "id": 5312,
        "name": "Gawler South",
        "country": "AUS",
        "state": "SA"
    },
    {
        "id": 5331,
        "name": "Gilberton",
        "country": "AUS",
        "state": "SA"
    },
    {
        "id": 5334,
        "name": "Gilles Plains",
        "country": "AUS",
        "state": "SA"
    },
    {
        "id": 5351,
        "name": "Glandore",
        "country": "AUS",
        "state": "SA"
    },
    {
        "id": 5363,
        "name": "Glen Osmond",
        "country": "AUS",
        "state": "SA"
    },
    {
        "id": 5365,
        "name": "Glenalta",
        "country": "AUS",
        "state": "SA"
    },
    {
        "id": 5371,
        "name": "Glenelg",
        "country": "AUS",
        "state": "SA"
    },
    {
        "id": 5373,
        "name": "Glenelg East",
        "country": "AUS",
        "state": "SA"
    },
    {
        "id": 5374,
        "name": "Glenelg North",
        "country": "AUS",
        "state": "SA"
    },
    {
        "id": 5375,
        "name": "Glenelg South",
        "country": "AUS",
        "state": "SA"
    },
    {
        "id": 5381,
        "name": "Glengowrie",
        "country": "AUS",
        "state": "SA"
    },
    {
        "id": 5389,
        "name": "Glenside",
        "country": "AUS",
        "state": "SA"
    },
    {
        "id": 5390,
        "name": "Glenunga",
        "country": "AUS",
        "state": "SA"
    },
    {
        "id": 5396,
        "name": "Glynde",
        "country": "AUS",
        "state": "SA"
    },
    {
        "id": 5403,
        "name": "Golden Grove",
        "country": "AUS",
        "state": "SA"
    },
    {
        "id": 5410,
        "name": "Goodwood",
        "country": "AUS",
        "state": "SA"
    },
    {
        "id": 5412,
        "name": "Goolwa",
        "country": "AUS",
        "state": "SA"
    },
    {
        "id": 5413,
        "name": "Goolwa Beach",
        "country": "AUS",
        "state": "SA"
    },
    {
        "id": 5431,
        "name": "Goyder",
        "country": "AUS",
        "state": "SA"
    },
    {
        "id": 5435,
        "name": "Grange",
        "country": "AUS",
        "state": "SA"
    },
    {
        "id": 5437,
        "name": "Grant",
        "country": "AUS",
        "state": "SA"
    },
    {
        "id": 5452,
        "name": "Greenacres",
        "country": "AUS",
        "state": "SA"
    },
    {
        "id": 5457,
        "name": "Greenock",
        "country": "AUS",
        "state": "SA"
    },
    {
        "id": 5464,
        "name": "Greenwith",
        "country": "AUS",
        "state": "SA"
    },
    {
        "id": 5477,
        "name": "Gulfview Heights",
        "country": "AUS",
        "state": "SA"
    },
    {
        "id": 5499,
        "name": "Hackham",
        "country": "AUS",
        "state": "SA"
    },
    {
        "id": 5500,
        "name": "Hackham West",
        "country": "AUS",
        "state": "SA"
    },
    {
        "id": 5504,
        "name": "Hahndorf",
        "country": "AUS",
        "state": "SA"
    },
    {
        "id": 5507,
        "name": "Hallett Cove",
        "country": "AUS",
        "state": "SA"
    },
    {
        "id": 5519,
        "name": "Hampstead Gardens",
        "country": "AUS",
        "state": "SA"
    },
    {
        "id": 5525,
        "name": "Happy Valley",
        "country": "AUS",
        "state": "SA"
    },
    {
        "id": 5542,
        "name": "Hawthorn",
        "country": "AUS",
        "state": "SA"
    },
    {
        "id": 5545,
        "name": "Hawthorndene",
        "country": "AUS",
        "state": "SA"
    },
    {
        "id": 5549,
        "name": "Hayborough",
        "country": "AUS",
        "state": "SA"
    },
    {
        "id": 5553,
        "name": "Hazelwood Park",
        "country": "AUS",
        "state": "SA"
    },
    {
        "id": 5565,
        "name": "Hectorville",
        "country": "AUS",
        "state": "SA"
    },
    {
        "id": 5576,
        "name": "Henley Beach",
        "country": "AUS",
        "state": "SA"
    },
    {
        "id": 5577,
        "name": "Henley Beach South",
        "country": "AUS",
        "state": "SA"
    },
    {
        "id": 5589,
        "name": "Hewett",
        "country": "AUS",
        "state": "SA"
    },
    {
        "id": 5594,
        "name": "Highbury",
        "country": "AUS",
        "state": "SA"
    },
    {
        "id": 5598,
        "name": "Highgate",
        "country": "AUS",
        "state": "SA"
    },
    {
        "id": 5606,
        "name": "Hillbank",
        "country": "AUS",
        "state": "SA"
    },
    {
        "id": 5607,
        "name": "Hillcrest",
        "country": "AUS",
        "state": "SA"
    },
    {
        "id": 5619,
        "name": "Hindmarsh Island",
        "country": "AUS",
        "state": "SA"
    },
    {
        "id": 5628,
        "name": "Holden Hill",
        "country": "AUS",
        "state": "SA"
    },
    {
        "id": 5630,
        "name": "Holdfast Bay",
        "country": "AUS",
        "state": "SA"
    },
    {
        "id": 5646,
        "name": "Hope Valley",
        "country": "AUS",
        "state": "SA"
    },
    {
        "id": 5656,
        "name": "Hove",
        "country": "AUS",
        "state": "SA"
    },
    {
        "id": 5669,
        "name": "Huntfield Heights",
        "country": "AUS",
        "state": "SA"
    },
    {
        "id": 5680,
        "name": "Hyde Park",
        "country": "AUS",
        "state": "SA"
    },
    {
        "id": 5690,
        "name": "Ingle Farm",
        "country": "AUS",
        "state": "SA"
    },
    {
        "id": 5718,
        "name": "Jamestown",
        "country": "AUS",
        "state": "SA"
    },
    {
        "id": 5744,
        "name": "Joslin",
        "country": "AUS",
        "state": "SA"
    },
    {
        "id": 5753,
        "name": "Kadina",
        "country": "AUS",
        "state": "SA"
    },
    {
        "id": 5776,
        "name": "Kangaroo Island",
        "country": "AUS",
        "state": "SA"
    },
    {
        "id": 5781,
        "name": "Kapunda",
        "country": "AUS",
        "state": "SA"
    },
    {
        "id": 5791,
        "name": "Karoonda East Murray",
        "country": "AUS",
        "state": "SA"
    },
    {
        "id": 5813,
        "name": "Keith",
        "country": "AUS",
        "state": "SA"
    },
    {
        "id": 5829,
        "name": "Kensington Gardens",
        "country": "AUS",
        "state": "SA"
    },
    {
        "id": 5831,
        "name": "Kensington Park",
        "country": "AUS",
        "state": "SA"
    },
    {
        "id": 5833,
        "name": "Kent Town",
        "country": "AUS",
        "state": "SA"
    },
    {
        "id": 5840,
        "name": "Kersbrook",
        "country": "AUS",
        "state": "SA"
    },
    {
        "id": 5851,
        "name": "Kidman Park",
        "country": "AUS",
        "state": "SA"
    },
    {
        "id": 5853,
        "name": "Kilburn",
        "country": "AUS",
        "state": "SA"
    },
    {
        "id": 5855,
        "name": "Kilkenny",
        "country": "AUS",
        "state": "SA"
    },
    {
        "id": 5862,
        "name": "Kimba",
        "country": "AUS",
        "state": "SA"
    },
    {
        "id": 5877,
        "name": "Kingscote",
        "country": "AUS",
        "state": "SA"
    },
    {
        "id": 5883,
        "name": "Kingston",
        "country": "AUS",
        "state": "SA"
    },
    {
        "id": 5888,
        "name": "Kingston South East",
        "country": "AUS",
        "state": "SA"
    },
    {
        "id": 5898,
        "name": "Klemzig",
        "country": "AUS",
        "state": "SA"
    },
    {
        "id": 5929,
        "name": "Kurralta Park",
        "country": "AUS",
        "state": "SA"
    },
    {
        "id": 5977,
        "name": "Largs Bay",
        "country": "AUS",
        "state": "SA"
    },
    {
        "id": 5978,
        "name": "Largs North",
        "country": "AUS",
        "state": "SA"
    },
    {
        "id": 5994,
        "name": "Leabrook",
        "country": "AUS",
        "state": "SA"
    },
    {
        "id": 6018,
        "name": "Lewiston",
        "country": "AUS",
        "state": "SA"
    },
    {
        "id": 6021,
        "name": "Light",
        "country": "AUS",
        "state": "SA"
    },
    {
        "id": 6026,
        "name": "Linden Park",
        "country": "AUS",
        "state": "SA"
    },
    {
        "id": 6037,
        "name": "Little Hampton",
        "country": "AUS",
        "state": "SA"
    },
    {
        "id": 6044,
        "name": "Lobethal",
        "country": "AUS",
        "state": "SA"
    },
    {
        "id": 6047,
        "name": "Lockleys",
        "country": "AUS",
        "state": "SA"
    },
    {
        "id": 6075,
        "name": "Lower Eyre Peninsula",
        "country": "AUS",
        "state": "SA"
    },
    {
        "id": 6077,
        "name": "Lower Mitcham",
        "country": "AUS",
        "state": "SA"
    },
    {
        "id": 6080,
        "name": "Loxton",
        "country": "AUS",
        "state": "SA"
    },
    {
        "id": 6081,
        "name": "Loxton Waikerie",
        "country": "AUS",
        "state": "SA"
    },
    {
        "id": 6090,
        "name": "Lyndoch",
        "country": "AUS",
        "state": "SA"
    },
    {
        "id": 6098,
        "name": "Macclesfield",
        "country": "AUS",
        "state": "SA"
    },
    {
        "id": 6122,
        "name": "Magill",
        "country": "AUS",
        "state": "SA"
    },
    {
        "id": 6128,
        "name": "Maitland",
        "country": "AUS",
        "state": "SA"
    },
    {
        "id": 6138,
        "name": "Mallala",
        "country": "AUS",
        "state": "SA"
    },
    {
        "id": 6141,
        "name": "Malvern",
        "country": "AUS",
        "state": "SA"
    },
    {
        "id": 6157,
        "name": "Manningham",
        "country": "AUS",
        "state": "SA"
    },
    {
        "id": 6158,
        "name": "Mannum",
        "country": "AUS",
        "state": "SA"
    },
    {
        "id": 6162,
        "name": "Mansfield Park",
        "country": "AUS",
        "state": "SA"
    },
    {
        "id": 6166,
        "name": "Maralinga Tjarutja",
        "country": "AUS",
        "state": "SA"
    },
    {
        "id": 6173,
        "name": "Marden",
        "country": "AUS",
        "state": "SA"
    },
    {
        "id": 6181,
        "name": "Marino",
        "country": "AUS",
        "state": "SA"
    },
    {
        "id": 6182,
        "name": "Marion",
        "country": "AUS",
        "state": "SA"
    },
    {
        "id": 6184,
        "name": "Marleston",
        "country": "AUS",
        "state": "SA"
    },
    {
        "id": 6202,
        "name": "Maslin Beach",
        "country": "AUS",
        "state": "SA"
    },
    {
        "id": 6206,
        "name": "Mawson Lakes",
        "country": "AUS",
        "state": "SA"
    },
    {
        "id": 6212,
        "name": "Maylands",
        "country": "AUS",
        "state": "SA"
    },
    {
        "id": 6213,
        "name": "McCracken",
        "country": "AUS",
        "state": "SA"
    },
    {
        "id": 6221,
        "name": "McLaren Flat",
        "country": "AUS",
        "state": "SA"
    },
    {
        "id": 6222,
        "name": "McLaren Vale",
        "country": "AUS",
        "state": "SA"
    },
    {
        "id": 6228,
        "name": "Meadows",
        "country": "AUS",
        "state": "SA"
    },
    {
        "id": 6231,
        "name": "Medindie",
        "country": "AUS",
        "state": "SA"
    },
    {
        "id": 6238,
        "name": "Melrose Park",
        "country": "AUS",
        "state": "SA"
    },
    {
        "id": 6245,
        "name": "Meningie",
        "country": "AUS",
        "state": "SA"
    },
    {
        "id": 6270,
        "name": "Mid Murray",
        "country": "AUS",
        "state": "SA"
    },
    {
        "id": 6278,
        "name": "Middleton",
        "country": "AUS",
        "state": "SA"
    },
    {
        "id": 6285,
        "name": "Mile End",
        "country": "AUS",
        "state": "SA"
    },
    {
        "id": 6295,
        "name": "Millicent",
        "country": "AUS",
        "state": "SA"
    },
    {
        "id": 6299,
        "name": "Millswood",
        "country": "AUS",
        "state": "SA"
    },
    {
        "id": 6310,
        "name": "Minlaton",
        "country": "AUS",
        "state": "SA"
    },
    {
        "id": 6321,
        "name": "Mitcham",
        "country": "AUS",
        "state": "SA"
    },
    {
        "id": 6325,
        "name": "Mitchell Park",
        "country": "AUS",
        "state": "SA"
    },
    {
        "id": 6329,
        "name": "Moana",
        "country": "AUS",
        "state": "SA"
    },
    {
        "id": 6330,
        "name": "Modbury",
        "country": "AUS",
        "state": "SA"
    },
    {
        "id": 6331,
        "name": "Modbury Heights",
        "country": "AUS",
        "state": "SA"
    },
    {
        "id": 6332,
        "name": "Modbury North",
        "country": "AUS",
        "state": "SA"
    },
    {
        "id": 6343,
        "name": "Monash",
        "country": "AUS",
        "state": "SA"
    },
    {
        "id": 6364,
        "name": "Moonta Bay",
        "country": "AUS",
        "state": "SA"
    },
    {
        "id": 6368,
        "name": "Moorak",
        "country": "AUS",
        "state": "SA"
    },
    {
        "id": 6392,
        "name": "Morphett Vale",
        "country": "AUS",
        "state": "SA"
    },
    {
        "id": 6393,
        "name": "Morphettville",
        "country": "AUS",
        "state": "SA"
    },
    {
        "id": 6408,
        "name": "Mount Barker",
        "country": "AUS",
        "state": "SA"
    },
    {
        "id": 6413,
        "name": "Mount Compass",
        "country": "AUS",
        "state": "SA"
    },
    {
        "id": 6422,
        "name": "Mount Gambier",
        "country": "AUS",
        "state": "SA"
    },
    {
        "id": 6454,
        "name": "Mount Remarkable",
        "country": "AUS",
        "state": "SA"
    },
    {
        "id": 6485,
        "name": "Munno Para",
        "country": "AUS",
        "state": "SA"
    },
    {
        "id": 6486,
        "name": "Munno Para West",
        "country": "AUS",
        "state": "SA"
    },
    {
        "id": 6495,
        "name": "Murray Bridge",
        "country": "AUS",
        "state": "SA"
    },
    {
        "id": 6505,
        "name": "Mylor",
        "country": "AUS",
        "state": "SA"
    },
    {
        "id": 6506,
        "name": "Myrtle Bank",
        "country": "AUS",
        "state": "SA"
    },
    {
        "id": 6510,
        "name": "Nailsworth",
        "country": "AUS",
        "state": "SA"
    },
    {
        "id": 6511,
        "name": "Nairne",
        "country": "AUS",
        "state": "SA"
    },
    {
        "id": 6522,
        "name": "Naracoorte",
        "country": "AUS",
        "state": "SA"
    },
    {
        "id": 6523,
        "name": "Naracoorte and Lucindale",
        "country": "AUS",
        "state": "SA"
    },
    {
        "id": 6551,
        "name": "Netherby",
        "country": "AUS",
        "state": "SA"
    },
    {
        "id": 6552,
        "name": "Netley",
        "country": "AUS",
        "state": "SA"
    },
    {
        "id": 6577,
        "name": "Newton",
        "country": "AUS",
        "state": "SA"
    },
    {
        "id": 6597,
        "name": "Noarlunga Downs",
        "country": "AUS",
        "state": "SA"
    },
    {
        "id": 6611,
        "name": "Normanville",
        "country": "AUS",
        "state": "SA"
    },
    {
        "id": 6612,
        "name": "North Adelaide",
        "country": "AUS",
        "state": "SA"
    },
    {
        "id": 6622,
        "name": "North Brighton",
        "country": "AUS",
        "state": "SA"
    },
    {
        "id": 6631,
        "name": "North Haven",
        "country": "AUS",
        "state": "SA"
    },
    {
        "id": 6645,
        "name": "North Plympton",
        "country": "AUS",
        "state": "SA"
    },
    {
        "id": 6666,
        "name": "Northern Areas",
        "country": "AUS",
        "state": "SA"
    },
    {
        "id": 6670,
        "name": "Northfield",
        "country": "AUS",
        "state": "SA"
    },
    {
        "id": 6671,
        "name": "Northgate",
        "country": "AUS",
        "state": "SA"
    },
    {
        "id": 6675,
        "name": "Norwood",
        "country": "AUS",
        "state": "SA"
    },
    {
        "id": 6676,
        "name": "Norwood Payneham St Peters",
        "country": "AUS",
        "state": "SA"
    },
    {
        "id": 6678,
        "name": "Novar Gardens",
        "country": "AUS",
        "state": "SA"
    },
    {
        "id": 6688,
        "name": "Nuriootpa",
        "country": "AUS",
        "state": "SA"
    },
    {
        "id": 6692,
        "name": "O'Sullivan Beach",
        "country": "AUS",
        "state": "SA"
    },
    {
        "id": 6753,
        "name": "O’Halloran Hill",
        "country": "AUS",
        "state": "SA"
    },
    {
        "id": 6696,
        "name": "Oakden",
        "country": "AUS",
        "state": "SA"
    },
    {
        "id": 6702,
        "name": "Oaklands Park",
        "country": "AUS",
        "state": "SA"
    },
    {
        "id": 6718,
        "name": "Old Noarlunga",
        "country": "AUS",
        "state": "SA"
    },
    {
        "id": 6719,
        "name": "Old Reynella",
        "country": "AUS",
        "state": "SA"
    },
    {
        "id": 6723,
        "name": "One Tree Hill",
        "country": "AUS",
        "state": "SA"
    },
    {
        "id": 6724,
        "name": "Onkaparinga",
        "country": "AUS",
        "state": "SA"
    },
    {
        "id": 6725,
        "name": "Onkaparinga Hills",
        "country": "AUS",
        "state": "SA"
    },
    {
        "id": 6741,
        "name": "Orroroo/Carrieton",
        "country": "AUS",
        "state": "SA"
    },
    {
        "id": 6742,
        "name": "Osborne",
        "country": "AUS",
        "state": "SA"
    },
    {
        "id": 6744,
        "name": "Ottoway",
        "country": "AUS",
        "state": "SA"
    },
    {
        "id": 6774,
        "name": "Panorama",
        "country": "AUS",
        "state": "SA"
    },
    {
        "id": 6776,
        "name": "Para Hills",
        "country": "AUS",
        "state": "SA"
    },
    {
        "id": 6777,
        "name": "Para Hills West",
        "country": "AUS",
        "state": "SA"
    },
    {
        "id": 6778,
        "name": "Para Vista",
        "country": "AUS",
        "state": "SA"
    },
    {
        "id": 6780,
        "name": "Paradise",
        "country": "AUS",
        "state": "SA"
    },
    {
        "id": 6782,
        "name": "Parafield Gardens",
        "country": "AUS",
        "state": "SA"
    },
    {
        "id": 6783,
        "name": "Paralowie",
        "country": "AUS",
        "state": "SA"
    },
    {
        "id": 6785,
        "name": "Paringa",
        "country": "AUS",
        "state": "SA"
    },
    {
        "id": 6788,
        "name": "Park Holme",
        "country": "AUS",
        "state": "SA"
    },
    {
        "id": 6799,
        "name": "Parkside",
        "country": "AUS",
        "state": "SA"
    },
    {
        "id": 6808,
        "name": "Pasadena",
        "country": "AUS",
        "state": "SA"
    },
    {
        "id": 6812,
        "name": "Payneham",
        "country": "AUS",
        "state": "SA"
    },
    {
        "id": 6813,
        "name": "Payneham South",
        "country": "AUS",
        "state": "SA"
    },
    {
        "id": 6830,
        "name": "Pennington",
        "country": "AUS",
        "state": "SA"
    },
    {
        "id": 6831,
        "name": "Penola",
        "country": "AUS",
        "state": "SA"
    },
    {
        "id": 6842,
        "name": "Peterborough",
        "country": "AUS",
        "state": "SA"
    },
    {
        "id": 6843,
        "name": "Peterhead",
        "country": "AUS",
        "state": "SA"
    },
    {
        "id": 6866,
        "name": "Playford",
        "country": "AUS",
        "state": "SA"
    },
    {
        "id": 6870,
        "name": "Plympton",
        "country": "AUS",
        "state": "SA"
    },
    {
        "id": 6871,
        "name": "Plympton Park",
        "country": "AUS",
        "state": "SA"
    },
    {
        "id": 6880,
        "name": "Pooraka",
        "country": "AUS",
        "state": "SA"
    },
    {
        "id": 6882,
        "name": "Port Adelaide",
        "country": "AUS",
        "state": "SA"
    },
    {
        "id": 6883,
        "name": "Port Adelaide Enfield",
        "country": "AUS",
        "state": "SA"
    },
    {
        "id": 6884,
        "name": "Port Augusta",
        "country": "AUS",
        "state": "SA"
    },
    {
        "id": 6885,
        "name": "Port Augusta West",
        "country": "AUS",
        "state": "SA"
    },
    {
        "id": 6886,
        "name": "Port Broughton",
        "country": "AUS",
        "state": "SA"
    },
    {
        "id": 6889,
        "name": "Port Elliot",
        "country": "AUS",
        "state": "SA"
    },
    {
        "id": 6895,
        "name": "Port Lincoln",
        "country": "AUS",
        "state": "SA"
    },
    {
        "id": 6899,
        "name": "Port Noarlunga",
        "country": "AUS",
        "state": "SA"
    },
    {
        "id": 6900,
        "name": "Port Noarlunga South",
        "country": "AUS",
        "state": "SA"
    },
    {
        "id": 6902,
        "name": "Port Pirie",
        "country": "AUS",
        "state": "SA"
    },
    {
        "id": 6903,
        "name": "Port Pirie City and Dists",
        "country": "AUS",
        "state": "SA"
    },
    {
        "id": 6904,
        "name": "Port Pirie South",
        "country": "AUS",
        "state": "SA"
    },
    {
        "id": 6905,
        "name": "Port Pirie West",
        "country": "AUS",
        "state": "SA"
    },
    {
        "id": 6908,
        "name": "Port Willunga",
        "country": "AUS",
        "state": "SA"
    },
    {
        "id": 6922,
        "name": "Prospect",
        "country": "AUS",
        "state": "SA"
    },
    {
        "id": 6944,
        "name": "Queenstown",
        "country": "AUS",
        "state": "SA"
    },
    {
        "id": 6950,
        "name": "Quorn",
        "country": "AUS",
        "state": "SA"
    },
    {
        "id": 6987,
        "name": "Redwood Park",
        "country": "AUS",
        "state": "SA"
    },
    {
        "id": 6993,
        "name": "Renmark",
        "country": "AUS",
        "state": "SA"
    },
    {
        "id": 6994,
        "name": "Renmark Paringa",
        "country": "AUS",
        "state": "SA"
    },
    {
        "id": 6995,
        "name": "Renmark West",
        "country": "AUS",
        "state": "SA"
    },
    {
        "id": 6996,
        "name": "Renown Park",
        "country": "AUS",
        "state": "SA"
    },
    {
        "id": 7001,
        "name": "Reynella",
        "country": "AUS",
        "state": "SA"
    },
    {
        "id": 7002,
        "name": "Reynella East",
        "country": "AUS",
        "state": "SA"
    },
    {
        "id": 7010,
        "name": "Richmond",
        "country": "AUS",
        "state": "SA"
    },
    {
        "id": 7012,
        "name": "Ridgehaven",
        "country": "AUS",
        "state": "SA"
    },
    {
        "id": 7014,
        "name": "Ridleyton",
        "country": "AUS",
        "state": "SA"
    },
    {
        "id": 7019,
        "name": "Risdon Park",
        "country": "AUS",
        "state": "SA"
    },
    {
        "id": 7020,
        "name": "Risdon Park South",
        "country": "AUS",
        "state": "SA"
    },
    {
        "id": 7032,
        "name": "Robe",
        "country": "AUS",
        "state": "SA"
    },
    {
        "id": 7060,
        "name": "Rose Park",
        "country": "AUS",
        "state": "SA"
    },
    {
        "id": 7073,
        "name": "Rosewater",
        "country": "AUS",
        "state": "SA"
    },
    {
        "id": 7078,
        "name": "Rosslyn Park",
        "country": "AUS",
        "state": "SA"
    },
    {
        "id": 7080,
        "name": "Rostrevor",
        "country": "AUS",
        "state": "SA"
    },
    {
        "id": 7085,
        "name": "Roxby Downs",
        "country": "AUS",
        "state": "SA"
    },
    {
        "id": 7086,
        "name": "Royal Park",
        "country": "AUS",
        "state": "SA"
    },
    {
        "id": 7087,
        "name": "Royston Park",
        "country": "AUS",
        "state": "SA"
    },
    {
        "id": 7119,
        "name": "Salisbury",
        "country": "AUS",
        "state": "SA"
    },
    {
        "id": 7121,
        "name": "Salisbury Downs",
        "country": "AUS",
        "state": "SA"
    },
    {
        "id": 7122,
        "name": "Salisbury East",
        "country": "AUS",
        "state": "SA"
    },
    {
        "id": 7123,
        "name": "Salisbury Heights",
        "country": "AUS",
        "state": "SA"
    },
    {
        "id": 7124,
        "name": "Salisbury North",
        "country": "AUS",
        "state": "SA"
    },
    {
        "id": 7125,
        "name": "Salisbury Park",
        "country": "AUS",
        "state": "SA"
    },
    {
        "id": 7126,
        "name": "Salisbury Plain",
        "country": "AUS",
        "state": "SA"
    },
    {
        "id": 7159,
        "name": "Seacliff",
        "country": "AUS",
        "state": "SA"
    },
    {
        "id": 7160,
        "name": "Seacliff Park",
        "country": "AUS",
        "state": "SA"
    },
    {
        "id": 7161,
        "name": "Seacombe Gardens",
        "country": "AUS",
        "state": "SA"
    },
    {
        "id": 7162,
        "name": "Seacombe Heights",
        "country": "AUS",
        "state": "SA"
    },
    {
        "id": 7164,
        "name": "Seaford",
        "country": "AUS",
        "state": "SA"
    },
    {
        "id": 7165,
        "name": "Seaford Meadows",
        "country": "AUS",
        "state": "SA"
    },
    {
        "id": 7166,
        "name": "Seaford Rise",
        "country": "AUS",
        "state": "SA"
    },
    {
        "id": 7169,
        "name": "Seaton",
        "country": "AUS",
        "state": "SA"
    },
    {
        "id": 7170,
        "name": "Seaview Downs",
        "country": "AUS",
        "state": "SA"
    },
    {
        "id": 7175,
        "name": "Sefton Park",
        "country": "AUS",
        "state": "SA"
    },
    {
        "id": 7177,
        "name": "Sellicks Beach",
        "country": "AUS",
        "state": "SA"
    },
    {
        "id": 7178,
        "name": "Semaphore",
        "country": "AUS",
        "state": "SA"
    },
    {
        "id": 7179,
        "name": "Semaphore Park",
        "country": "AUS",
        "state": "SA"
    },
    {
        "id": 7180,
        "name": "Semaphore South",
        "country": "AUS",
        "state": "SA"
    },
    {
        "id": 7196,
        "name": "Sheidow Park",
        "country": "AUS",
        "state": "SA"
    },
    {
        "id": 7227,
        "name": "Smithfield",
        "country": "AUS",
        "state": "SA"
    },
    {
        "id": 7229,
        "name": "Smithfield Plains",
        "country": "AUS",
        "state": "SA"
    },
    {
        "id": 7238,
        "name": "Solomontown",
        "country": "AUS",
        "state": "SA"
    },
    {
        "id": 7243,
        "name": "Somerton Park",
        "country": "AUS",
        "state": "SA"
    },
    {
        "id": 7252,
        "name": "South Brighton",
        "country": "AUS",
        "state": "SA"
    },
    {
        "id": 7282,
        "name": "South Plympton",
        "country": "AUS",
        "state": "SA"
    },
    {
        "id": 7295,
        "name": "Southern Mallee",
        "country": "AUS",
        "state": "SA"
    },
    {
        "id": 7318,
        "name": "St Agnes",
        "country": "AUS",
        "state": "SA"
    },
    {
        "id": 7324,
        "name": "St Georges",
        "country": "AUS",
        "state": "SA"
    },
    {
        "id": 7335,
        "name": "St Marys",
        "country": "AUS",
        "state": "SA"
    },
    {
        "id": 7336,
        "name": "St Morris",
        "country": "AUS",
        "state": "SA"
    },
    {
        "id": 7337,
        "name": "St Peters",
        "country": "AUS",
        "state": "SA"
    },
    {
        "id": 7346,
        "name": "Stirling",
        "country": "AUS",
        "state": "SA"
    },
    {
        "id": 7349,
        "name": "Stirling North",
        "country": "AUS",
        "state": "SA"
    },
    {
        "id": 7353,
        "name": "Stonyfell",
        "country": "AUS",
        "state": "SA"
    },
    {
        "id": 7355,
        "name": "Strathalbyn",
        "country": "AUS",
        "state": "SA"
    },
    {
        "id": 7366,
        "name": "Streaky Bay",
        "country": "AUS",
        "state": "SA"
    },
    {
        "id": 7370,
        "name": "Sturt",
        "country": "AUS",
        "state": "SA"
    },
    {
        "id": 7393,
        "name": "Surrey Downs",
        "country": "AUS",
        "state": "SA"
    },
    {
        "id": 7416,
        "name": "Tailem Bend",
        "country": "AUS",
        "state": "SA"
    },
    {
        "id": 7431,
        "name": "Tanunda",
        "country": "AUS",
        "state": "SA"
    },
    {
        "id": 7432,
        "name": "Taperoo",
        "country": "AUS",
        "state": "SA"
    },
    {
        "id": 7448,
        "name": "Tatiara",
        "country": "AUS",
        "state": "SA"
    },
    {
        "id": 7454,
        "name": "Tea Tree Gully",
        "country": "AUS",
        "state": "SA"
    },
    {
        "id": 7469,
        "name": "Tennyson",
        "country": "AUS",
        "state": "SA"
    },
    {
        "id": 7481,
        "name": "The Coorong",
        "country": "AUS",
        "state": "SA"
    },
    {
        "id": 7497,
        "name": "Thebarton",
        "country": "AUS",
        "state": "SA"
    },
    {
        "id": 7536,
        "name": "Toorak Gardens",
        "country": "AUS",
        "state": "SA"
    },
    {
        "id": 7545,
        "name": "Torrens Park",
        "country": "AUS",
        "state": "SA"
    },
    {
        "id": 7546,
        "name": "Torrensville",
        "country": "AUS",
        "state": "SA"
    },
    {
        "id": 7557,
        "name": "Tranmere",
        "country": "AUS",
        "state": "SA"
    },
    {
        "id": 7566,
        "name": "Trinity Gardens",
        "country": "AUS",
        "state": "SA"
    },
    {
        "id": 7568,
        "name": "Trott Park",
        "country": "AUS",
        "state": "SA"
    },
    {
        "id": 7578,
        "name": "Tumby Bay",
        "country": "AUS",
        "state": "SA"
    },
    {
        "id": 7588,
        "name": "Tusmore",
        "country": "AUS",
        "state": "SA"
    },
    {
        "id": 7595,
        "name": "Two Wells",
        "country": "AUS",
        "state": "SA"
    },
    {
        "id": 7602,
        "name": "Underdale",
        "country": "AUS",
        "state": "SA"
    },
    {
        "id": 7604,
        "name": "Unley",
        "country": "AUS",
        "state": "SA"
    },
    {
        "id": 7605,
        "name": "Unley Park",
        "country": "AUS",
        "state": "SA"
    },
    {
        "id": 7621,
        "name": "Vale Park",
        "country": "AUS",
        "state": "SA"
    },
    {
        "id": 7625,
        "name": "Valley View",
        "country": "AUS",
        "state": "SA"
    },
    {
        "id": 7631,
        "name": "Victor Harbor",
        "country": "AUS",
        "state": "SA"
    },
    {
        "id": 7642,
        "name": "Virginia",
        "country": "AUS",
        "state": "SA"
    },
    {
        "id": 7657,
        "name": "Waikerie",
        "country": "AUS",
        "state": "SA"
    },
    {
        "id": 7660,
        "name": "Wakefield",
        "country": "AUS",
        "state": "SA"
    },
    {
        "id": 7667,
        "name": "Walkerville",
        "country": "AUS",
        "state": "SA"
    },
    {
        "id": 7668,
        "name": "Walkley Heights",
        "country": "AUS",
        "state": "SA"
    },
    {
        "id": 7672,
        "name": "Wallaroo",
        "country": "AUS",
        "state": "SA"
    },
    {
        "id": 7711,
        "name": "Warradale",
        "country": "AUS",
        "state": "SA"
    },
    {
        "id": 7731,
        "name": "Waterloo Corner",
        "country": "AUS",
        "state": "SA"
    },
    {
        "id": 7740,
        "name": "Wattle Park",
        "country": "AUS",
        "state": "SA"
    },
    {
        "id": 7742,
        "name": "Wattle Range",
        "country": "AUS",
        "state": "SA"
    },
    {
        "id": 7750,
        "name": "Wayville",
        "country": "AUS",
        "state": "SA"
    },
    {
        "id": 7779,
        "name": "West Beach",
        "country": "AUS",
        "state": "SA"
    },
    {
        "id": 7783,
        "name": "West Croydon",
        "country": "AUS",
        "state": "SA"
    },
    {
        "id": 7789,
        "name": "West Hindmarsh",
        "country": "AUS",
        "state": "SA"
    },
    {
        "id": 7793,
        "name": "West Lakes",
        "country": "AUS",
        "state": "SA"
    },
    {
        "id": 7794,
        "name": "West Lakes Shore",
        "country": "AUS",
        "state": "SA"
    },
    {
        "id": 7816,
        "name": "Westbourne Park",
        "country": "AUS",
        "state": "SA"
    },
    {
        "id": 7843,
        "name": "Whyalla",
        "country": "AUS",
        "state": "SA"
    },
    {
        "id": 7844,
        "name": "Whyalla Jenkins",
        "country": "AUS",
        "state": "SA"
    },
    {
        "id": 7845,
        "name": "Whyalla Norrie",
        "country": "AUS",
        "state": "SA"
    },
    {
        "id": 7846,
        "name": "Whyalla Playford",
        "country": "AUS",
        "state": "SA"
    },
    {
        "id": 7847,
        "name": "Whyalla Stuart",
        "country": "AUS",
        "state": "SA"
    },
    {
        "id": 7854,
        "name": "Willaston",
        "country": "AUS",
        "state": "SA"
    },
    {
        "id": 7859,
        "name": "Williamstown",
        "country": "AUS",
        "state": "SA"
    },
    {
        "id": 7867,
        "name": "Willunga",
        "country": "AUS",
        "state": "SA"
    },
    {
        "id": 7883,
        "name": "Windsor Gardens",
        "country": "AUS",
        "state": "SA"
    },
    {
        "id": 7915,
        "name": "Woodcroft",
        "country": "AUS",
        "state": "SA"
    },
    {
        "id": 7926,
        "name": "Woodside",
        "country": "AUS",
        "state": "SA"
    },
    {
        "id": 7928,
        "name": "Woodville",
        "country": "AUS",
        "state": "SA"
    },
    {
        "id": 7929,
        "name": "Woodville Gardens",
        "country": "AUS",
        "state": "SA"
    },
    {
        "id": 7930,
        "name": "Woodville North",
        "country": "AUS",
        "state": "SA"
    },
    {
        "id": 7931,
        "name": "Woodville Park",
        "country": "AUS",
        "state": "SA"
    },
    {
        "id": 7932,
        "name": "Woodville South",
        "country": "AUS",
        "state": "SA"
    },
    {
        "id": 7933,
        "name": "Woodville West",
        "country": "AUS",
        "state": "SA"
    },
    {
        "id": 7956,
        "name": "Wudinna",
        "country": "AUS",
        "state": "SA"
    },
    {
        "id": 7972,
        "name": "Wynn Vale",
        "country": "AUS",
        "state": "SA"
    },
    {
        "id": 7993,
        "name": "Yankalilla",
        "country": "AUS",
        "state": "SA"
    },
    {
        "id": 8026,
        "name": "Yorke Peninsula",
        "country": "AUS",
        "state": "SA"
    }
]