[
    {
        "id": 135238,
        "name": "Abbadia San Salvatore",
        "country": "ITA",
        "state": "52"
    },
    {
        "id": 135244,
        "name": "Abetone",
        "country": "ITA",
        "state": "52"
    },
    {
        "id": 135276,
        "name": "Acquaviva",
        "country": "ITA",
        "state": "52"
    },
    {
        "id": 135301,
        "name": "Agliana",
        "country": "ITA",
        "state": "52"
    },
    {
        "id": 135371,
        "name": "Albiano Magra",
        "country": "ITA",
        "state": "52"
    },
    {
        "id": 135378,
        "name": "Albinia",
        "country": "ITA",
        "state": "52"
    },
    {
        "id": 135446,
        "name": "Altopascio",
        "country": "ITA",
        "state": "52"
    },
    {
        "id": 135466,
        "name": "Ambra",
        "country": "ITA",
        "state": "52"
    },
    {
        "id": 135478,
        "name": "Anchione",
        "country": "ITA",
        "state": "52"
    },
    {
        "id": 135497,
        "name": "Anghiari",
        "country": "ITA",
        "state": "52"
    },
    {
        "id": 135513,
        "name": "Antella",
        "country": "ITA",
        "state": "52"
    },
    {
        "id": 135554,
        "name": "Arbia",
        "country": "ITA",
        "state": "52"
    },
    {
        "id": 135567,
        "name": "Arcidosso",
        "country": "ITA",
        "state": "52"
    },
    {
        "id": 135590,
        "name": "Arezzo",
        "country": "ITA",
        "state": "52"
    },
    {
        "id": 135654,
        "name": "Asciano",
        "country": "ITA",
        "state": "52"
    },
    {
        "id": 135687,
        "name": "Aulla",
        "country": "ITA",
        "state": "52"
    },
    {
        "id": 135696,
        "name": "Avane",
        "country": "ITA",
        "state": "52"
    },
    {
        "id": 135739,
        "name": "Badia al Pino",
        "country": "ITA",
        "state": "52"
    },
    {
        "id": 135738,
        "name": "Badia Tedalda",
        "country": "ITA",
        "state": "52"
    },
    {
        "id": 135757,
        "name": "Bagni di Lucca",
        "country": "ITA",
        "state": "52"
    },
    {
        "id": 135761,
        "name": "Bagno a Ripoli",
        "country": "ITA",
        "state": "52"
    },
    {
        "id": 135760,
        "name": "Bagno Roselle",
        "country": "ITA",
        "state": "52"
    },
    {
        "id": 135774,
        "name": "Bagnone",
        "country": "ITA",
        "state": "52"
    },
    {
        "id": 135817,
        "name": "Barba",
        "country": "ITA",
        "state": "52"
    },
    {
        "id": 135822,
        "name": "Barbarasco",
        "country": "ITA",
        "state": "52"
    },
    {
        "id": 135828,
        "name": "Barberino di Mugello",
        "country": "ITA",
        "state": "52"
    },
    {
        "id": 135827,
        "name": "Barberino Val d'Elsa",
        "country": "ITA",
        "state": "52"
    },
    {
        "id": 135848,
        "name": "Barga",
        "country": "ITA",
        "state": "52"
    },
    {
        "id": 135907,
        "name": "Battifolle-Ruscello-Poggiola",
        "country": "ITA",
        "state": "52"
    },
    {
        "id": 135941,
        "name": "Bellavista",
        "country": "ITA",
        "state": "52"
    },
    {
        "id": 135968,
        "name": "Belverde",
        "country": "ITA",
        "state": "52"
    },
    {
        "id": 136021,
        "name": "Bettolle",
        "country": "ITA",
        "state": "52"
    },
    {
        "id": 136039,
        "name": "Bibbiena",
        "country": "ITA",
        "state": "52"
    },
    {
        "id": 136040,
        "name": "Bibbona",
        "country": "ITA",
        "state": "52"
    },
    {
        "id": 136049,
        "name": "Bientina",
        "country": "ITA",
        "state": "52"
    },
    {
        "id": 136164,
        "name": "Borghetto-Melara",
        "country": "ITA",
        "state": "52"
    },
    {
        "id": 136197,
        "name": "Borgo a Buggiano",
        "country": "ITA",
        "state": "52"
    },
    {
        "id": 136198,
        "name": "Borgo a Mozzano",
        "country": "ITA",
        "state": "52"
    },
    {
        "id": 136184,
        "name": "Borgo San Lorenzo",
        "country": "ITA",
        "state": "52"
    },
    {
        "id": 136280,
        "name": "Braccagni",
        "country": "ITA",
        "state": "52"
    },
    {
        "id": 136389,
        "name": "Bucine",
        "country": "ITA",
        "state": "52"
    },
    {
        "id": 136407,
        "name": "Buonconvento",
        "country": "ITA",
        "state": "52"
    },
    {
        "id": 136437,
        "name": "Buti",
        "country": "ITA",
        "state": "52"
    },
    {
        "id": 136503,
        "name": "Calci",
        "country": "ITA",
        "state": "52"
    },
    {
        "id": 136505,
        "name": "Calcinaia",
        "country": "ITA",
        "state": "52"
    },
    {
        "id": 136518,
        "name": "Caldine",
        "country": "ITA",
        "state": "52"
    },
    {
        "id": 136522,
        "name": "Calenzano",
        "country": "ITA",
        "state": "52"
    },
    {
        "id": 136567,
        "name": "Camaiore",
        "country": "ITA",
        "state": "52"
    },
    {
        "id": 136602,
        "name": "Campagnatico",
        "country": "ITA",
        "state": "52"
    },
    {
        "id": 136615,
        "name": "Campi Bisenzio",
        "country": "ITA",
        "state": "52"
    },
    {
        "id": 136618,
        "name": "Campiglia Marittima",
        "country": "ITA",
        "state": "52"
    },
    {
        "id": 136626,
        "name": "Campo",
        "country": "ITA",
        "state": "52"
    },
    {
        "id": 136637,
        "name": "Campo nell'Elba",
        "country": "ITA",
        "state": "52"
    },
    {
        "id": 136632,
        "name": "Campo Tizzoro",
        "country": "ITA",
        "state": "52"
    },
    {
        "id": 136675,
        "name": "Camporgiano",
        "country": "ITA",
        "state": "52"
    },
    {
        "id": 136684,
        "name": "Camucia-Monsigliolo",
        "country": "ITA",
        "state": "52"
    },
    {
        "id": 136737,
        "name": "Cantagallo",
        "country": "ITA",
        "state": "52"
    },
    {
        "id": 136738,
        "name": "Cantagrillo-Casalguidi",
        "country": "ITA",
        "state": "52"
    },
    {
        "id": 136759,
        "name": "Capalbio",
        "country": "ITA",
        "state": "52"
    },
    {
        "id": 136760,
        "name": "Capanne-Prato-Cinquale",
        "country": "ITA",
        "state": "52"
    },
    {
        "id": 136761,
        "name": "Capannoli",
        "country": "ITA",
        "state": "52"
    },
    {
        "id": 136762,
        "name": "Capannori",
        "country": "ITA",
        "state": "52"
    },
    {
        "id": 136783,
        "name": "Capoliveri",
        "country": "ITA",
        "state": "52"
    },
    {
        "id": 136784,
        "name": "Capolona",
        "country": "ITA",
        "state": "52"
    },
    {
        "id": 136799,
        "name": "Capraia e Limite",
        "country": "ITA",
        "state": "52"
    },
    {
        "id": 136798,
        "name": "Capraia Isola",
        "country": "ITA",
        "state": "52"
    },
    {
        "id": 136807,
        "name": "Caprese Michelangelo",
        "country": "ITA",
        "state": "52"
    },
    {
        "id": 136864,
        "name": "Careggine",
        "country": "ITA",
        "state": "52"
    },
    {
        "id": 136892,
        "name": "Carmignano",
        "country": "ITA",
        "state": "52"
    },
    {
        "id": 136923,
        "name": "Carraia",
        "country": "ITA",
        "state": "52"
    },
    {
        "id": 136924,
        "name": "Carrara",
        "country": "ITA",
        "state": "52"
    },
    {
        "id": 136977,
        "name": "Casale Marittimo",
        "country": "ITA",
        "state": "52"
    },
    {
        "id": 137047,
        "name": "Casciana Terme",
        "country": "ITA",
        "state": "52"
    },
    {
        "id": 137048,
        "name": "Cascina",
        "country": "ITA",
        "state": "52"
    },
    {
        "id": 137051,
        "name": "Cascine-La Croce",
        "country": "ITA",
        "state": "52"
    },
    {
        "id": 137080,
        "name": "Casola in Lunigiana",
        "country": "ITA",
        "state": "52"
    },
    {
        "id": 137082,
        "name": "Casole d'Elsa",
        "country": "ITA",
        "state": "52"
    },
    {
        "id": 137117,
        "name": "Castagneto Carducci",
        "country": "ITA",
        "state": "52"
    },
    {
        "id": 137166,
        "name": "Castel del Piano",
        "country": "ITA",
        "state": "52"
    },
    {
        "id": 137153,
        "name": "Castel San Niccolò",
        "country": "ITA",
        "state": "52"
    },
    {
        "id": 137193,
        "name": "Castelfiorentino",
        "country": "ITA",
        "state": "52"
    },
    {
        "id": 137199,
        "name": "Castelfranco di Sopra",
        "country": "ITA",
        "state": "52"
    },
    {
        "id": 137200,
        "name": "Castelfranco di Sotto",
        "country": "ITA",
        "state": "52"
    },
    {
        "id": 137208,
        "name": "Castell'Azzara",
        "country": "ITA",
        "state": "52"
    },
    {
        "id": 137246,
        "name": "Castellina in Chianti",
        "country": "ITA",
        "state": "52"
    },
    {
        "id": 137244,
        "name": "Castellina Marittima",
        "country": "ITA",
        "state": "52"
    },
    {
        "id": 137245,
        "name": "Castellina Scalo",
        "country": "ITA",
        "state": "52"
    },
    {
        "id": 137283,
        "name": "Castelnuovo Berardenga",
        "country": "ITA",
        "state": "52"
    },
    {
        "id": 137296,
        "name": "Castelnuovo dei Sabbioni",
        "country": "ITA",
        "state": "52"
    },
    {
        "id": 137302,
        "name": "Castelnuovo di Garfagnana",
        "country": "ITA",
        "state": "52"
    },
    {
        "id": 137304,
        "name": "Castelnuovo di Val di Cecina",
        "country": "ITA",
        "state": "52"
    },
    {
        "id": 137336,
        "name": "Castiglion Fibocchi",
        "country": "ITA",
        "state": "52"
    },
    {
        "id": 137337,
        "name": "Castiglion Fiorentino",
        "country": "ITA",
        "state": "52"
    },
    {
        "id": 137350,
        "name": "Castiglione d'Orcia",
        "country": "ITA",
        "state": "52"
    },
    {
        "id": 137354,
        "name": "Castiglione della Pescaia",
        "country": "ITA",
        "state": "52"
    },
    {
        "id": 137356,
        "name": "Castiglione di Garfagnana",
        "country": "ITA",
        "state": "52"
    },
    {
        "id": 137393,
        "name": "Catena",
        "country": "ITA",
        "state": "52"
    },
    {
        "id": 137417,
        "name": "Cavallina",
        "country": "ITA",
        "state": "52"
    },
    {
        "id": 137444,
        "name": "Cavriglia-Monastero",
        "country": "ITA",
        "state": "52"
    },
    {
        "id": 137454,
        "name": "Cecina",
        "country": "ITA",
        "state": "52"
    },
    {
        "id": 137486,
        "name": "Cenaia",
        "country": "ITA",
        "state": "52"
    },
    {
        "id": 137519,
        "name": "Cerbaia",
        "country": "ITA",
        "state": "52"
    },
    {
        "id": 137563,
        "name": "Cerreto Guidi",
        "country": "ITA",
        "state": "52"
    },
    {
        "id": 137578,
        "name": "Certaldo",
        "country": "ITA",
        "state": "52"
    },
    {
        "id": 137601,
        "name": "Cesa",
        "country": "ITA",
        "state": "52"
    },
    {
        "id": 137622,
        "name": "Cetona",
        "country": "ITA",
        "state": "52"
    },
    {
        "id": 137645,
        "name": "Chianciano Terme",
        "country": "ITA",
        "state": "52"
    },
    {
        "id": 137646,
        "name": "Chianni",
        "country": "ITA",
        "state": "52"
    },
    {
        "id": 137656,
        "name": "Chiassa-Tregozzano",
        "country": "ITA",
        "state": "52"
    },
    {
        "id": 137670,
        "name": "Chiesina Uzzanese",
        "country": "ITA",
        "state": "52"
    },
    {
        "id": 137671,
        "name": "Chiesino-Collodi",
        "country": "ITA",
        "state": "52"
    },
    {
        "id": 137681,
        "name": "Chitignano",
        "country": "ITA",
        "state": "52"
    },
    {
        "id": 137695,
        "name": "Chiusdino",
        "country": "ITA",
        "state": "52"
    },
    {
        "id": 137696,
        "name": "Chiusi",
        "country": "ITA",
        "state": "52"
    },
    {
        "id": 137698,
        "name": "Chiusi della Verna",
        "country": "ITA",
        "state": "52"
    },
    {
        "id": 137697,
        "name": "Chiusi Scalo",
        "country": "ITA",
        "state": "52"
    },
    {
        "id": 137733,
        "name": "Cinigiano",
        "country": "ITA",
        "state": "52"
    },
    {
        "id": 137741,
        "name": "Cintolese",
        "country": "ITA",
        "state": "52"
    },
    {
        "id": 137804,
        "name": "Civitella in Val di Chiana",
        "country": "ITA",
        "state": "52"
    },
    {
        "id": 137797,
        "name": "Civitella Marittima",
        "country": "ITA",
        "state": "52"
    },
    {
        "id": 137873,
        "name": "Colle di Val d'Elsa",
        "country": "ITA",
        "state": "52"
    },
    {
        "id": 137893,
        "name": "Collesalvetti",
        "country": "ITA",
        "state": "52"
    },
    {
        "id": 137935,
        "name": "Comano",
        "country": "ITA",
        "state": "52"
    },
    {
        "id": 137937,
        "name": "Comeana",
        "country": "ITA",
        "state": "52"
    },
    {
        "id": 137949,
        "name": "Compiobbi",
        "country": "ITA",
        "state": "52"
    },
    {
        "id": 138005,
        "name": "Coreglia Antelminelli",
        "country": "ITA",
        "state": "52"
    },
    {
        "id": 138046,
        "name": "Corsanico-Bargecchia",
        "country": "ITA",
        "state": "52"
    },
    {
        "id": 138071,
        "name": "Cortona",
        "country": "ITA",
        "state": "52"
    },
    {
        "id": 138146,
        "name": "Crespina",
        "country": "ITA",
        "state": "52"
    },
    {
        "id": 138217,
        "name": "Cutigliano",
        "country": "ITA",
        "state": "52"
    },
    {
        "id": 138265,
        "name": "Dicomano",
        "country": "ITA",
        "state": "52"
    },
    {
        "id": 138303,
        "name": "Donoratico",
        "country": "ITA",
        "state": "52"
    },
    {
        "id": 138356,
        "name": "Empoli",
        "country": "ITA",
        "state": "52"
    },
    {
        "id": 138391,
        "name": "Fabbriche di Vallico",
        "country": "ITA",
        "state": "52"
    },
    {
        "id": 138402,
        "name": "Faella",
        "country": "ITA",
        "state": "52"
    },
    {
        "id": 138456,
        "name": "Fauglia",
        "country": "ITA",
        "state": "52"
    },
    {
        "id": 138511,
        "name": "Fiesole",
        "country": "ITA",
        "state": "52"
    },
    {
        "id": 138519,
        "name": "Figline Valdarno",
        "country": "ITA",
        "state": "52"
    },
    {
        "id": 138525,
        "name": "Filattiera",
        "country": "ITA",
        "state": "52"
    },
    {
        "id": 138528,
        "name": "Filettole",
        "country": "ITA",
        "state": "52"
    },
    {
        "id": 138543,
        "name": "Firenzuola",
        "country": "ITA",
        "state": "52"
    },
    {
        "id": 138556,
        "name": "Fivizzano",
        "country": "ITA",
        "state": "52"
    },
    {
        "id": 138563,
        "name": "Florence",
        "country": "ITA",
        "state": "52"
    },
    {
        "id": 138578,
        "name": "Foiano della Chiana",
        "country": "ITA",
        "state": "52"
    },
    {
        "id": 138584,
        "name": "Follonica",
        "country": "ITA",
        "state": "52"
    },
    {
        "id": 138593,
        "name": "Fontana delle Monache",
        "country": "ITA",
        "state": "52"
    },
    {
        "id": 138608,
        "name": "Fonteblanda",
        "country": "ITA",
        "state": "52"
    },
    {
        "id": 138622,
        "name": "Forcoli",
        "country": "ITA",
        "state": "52"
    },
    {
        "id": 138645,
        "name": "Fornacelle",
        "country": "ITA",
        "state": "52"
    },
    {
        "id": 138646,
        "name": "Fornacette",
        "country": "ITA",
        "state": "52"
    },
    {
        "id": 138650,
        "name": "Fornaci di Barga",
        "country": "ITA",
        "state": "52"
    },
    {
        "id": 138661,
        "name": "Forte dei Marmi",
        "country": "ITA",
        "state": "52"
    },
    {
        "id": 138665,
        "name": "Fosciandora",
        "country": "ITA",
        "state": "52"
    },
    {
        "id": 138666,
        "name": "Fosdinovo",
        "country": "ITA",
        "state": "52"
    },
    {
        "id": 138746,
        "name": "Fucecchio",
        "country": "ITA",
        "state": "52"
    },
    {
        "id": 138768,
        "name": "Gabella",
        "country": "ITA",
        "state": "52"
    },
    {
        "id": 138791,
        "name": "Gaiole in Chianti",
        "country": "ITA",
        "state": "52"
    },
    {
        "id": 138803,
        "name": "Galliano",
        "country": "ITA",
        "state": "52"
    },
    {
        "id": 138807,
        "name": "Gallicano",
        "country": "ITA",
        "state": "52"
    },
    {
        "id": 138829,
        "name": "Gambassi Terme",
        "country": "ITA",
        "state": "52"
    },
    {
        "id": 138880,
        "name": "Gavorrano",
        "country": "ITA",
        "state": "52"
    },
    {
        "id": 138890,
        "name": "Gello",
        "country": "ITA",
        "state": "52"
    },
    {
        "id": 138958,
        "name": "Giglio Castello",
        "country": "ITA",
        "state": "52"
    },
    {
        "id": 138964,
        "name": "Ginestra Fiorentina",
        "country": "ITA",
        "state": "52"
    },
    {
        "id": 138978,
        "name": "Giovi-Ponte alla Chiassa",
        "country": "ITA",
        "state": "52"
    },
    {
        "id": 138994,
        "name": "Giuncugnano",
        "country": "ITA",
        "state": "52"
    },
    {
        "id": 139073,
        "name": "Grassina Ponte a Ema",
        "country": "ITA",
        "state": "52"
    },
    {
        "id": 139092,
        "name": "Greve in Chianti",
        "country": "ITA",
        "state": "52"
    },
    {
        "id": 139118,
        "name": "Grosseto",
        "country": "ITA",
        "state": "52"
    },
    {
        "id": 139166,
        "name": "Guardistallo",
        "country": "ITA",
        "state": "52"
    },
    {
        "id": 139170,
        "name": "Guasticce",
        "country": "ITA",
        "state": "52"
    },
    {
        "id": 139171,
        "name": "Guazzino",
        "country": "ITA",
        "state": "52"
    },
    {
        "id": 139193,
        "name": "Il Romito",
        "country": "ITA",
        "state": "52"
    },
    {
        "id": 139202,
        "name": "Impruneta",
        "country": "ITA",
        "state": "52"
    },
    {
        "id": 139205,
        "name": "Incisa in Val d'Arno",
        "country": "ITA",
        "state": "52"
    },
    {
        "id": 139237,
        "name": "Isola D'Arbia",
        "country": "ITA",
        "state": "52"
    },
    {
        "id": 139244,
        "name": "Isola del Giglio",
        "country": "ITA",
        "state": "52"
    },
    {
        "id": 139265,
        "name": "Istia D'Ombrone-Le Stiacciole",
        "country": "ITA",
        "state": "52"
    },
    {
        "id": 139288,
        "name": "La California",
        "country": "ITA",
        "state": "52"
    },
    {
        "id": 139298,
        "name": "La Pieve-Molino",
        "country": "ITA",
        "state": "52"
    },
    {
        "id": 139301,
        "name": "La Rotta",
        "country": "ITA",
        "state": "52"
    },
    {
        "id": 139337,
        "name": "Lajatico",
        "country": "ITA",
        "state": "52"
    },
    {
        "id": 139350,
        "name": "Lamporecchio",
        "country": "ITA",
        "state": "52"
    },
    {
        "id": 139370,
        "name": "Larciano",
        "country": "ITA",
        "state": "52"
    },
    {
        "id": 139374,
        "name": "Lari",
        "country": "ITA",
        "state": "52"
    },
    {
        "id": 139385,
        "name": "Lastra a Signa",
        "country": "ITA",
        "state": "52"
    },
    {
        "id": 139387,
        "name": "Laterina",
        "country": "ITA",
        "state": "52"
    },
    {
        "id": 139423,
        "name": "Lazzeretto",
        "country": "ITA",
        "state": "52"
    },
    {
        "id": 139424,
        "name": "Le Casine-Perignano-Spinelli",
        "country": "ITA",
        "state": "52"
    },
    {
        "id": 139495,
        "name": "Licciana Nardi",
        "country": "ITA",
        "state": "52"
    },
    {
        "id": 139523,
        "name": "Limite",
        "country": "ITA",
        "state": "52"
    },
    {
        "id": 139551,
        "name": "Livorno",
        "country": "ITA",
        "state": "52"
    },
    {
        "id": 139587,
        "name": "Londa",
        "country": "ITA",
        "state": "52"
    },
    {
        "id": 139607,
        "name": "Lorenzana",
        "country": "ITA",
        "state": "52"
    },
    {
        "id": 139613,
        "name": "Loro Ciuffenna",
        "country": "ITA",
        "state": "52"
    },
    {
        "id": 139629,
        "name": "Lucca",
        "country": "ITA",
        "state": "52"
    },
    {
        "id": 139632,
        "name": "Lucignano",
        "country": "ITA",
        "state": "52"
    },
    {
        "id": 139637,
        "name": "Luco Mugello",
        "country": "ITA",
        "state": "52"
    },
    {
        "id": 139711,
        "name": "Madonna dell'Acqua",
        "country": "ITA",
        "state": "52"
    },
    {
        "id": 139730,
        "name": "Magliano in Toscana",
        "country": "ITA",
        "state": "52"
    },
    {
        "id": 139770,
        "name": "Malmantile",
        "country": "ITA",
        "state": "52"
    },
    {
        "id": 139782,
        "name": "Manciano",
        "country": "ITA",
        "state": "52"
    },
    {
        "id": 139810,
        "name": "Mantignano-Ugnano",
        "country": "ITA",
        "state": "52"
    },
    {
        "id": 139845,
        "name": "Marciana",
        "country": "ITA",
        "state": "52"
    },
    {
        "id": 139846,
        "name": "Marciana Marina",
        "country": "ITA",
        "state": "52"
    },
    {
        "id": 139848,
        "name": "Marciano",
        "country": "ITA",
        "state": "52"
    },
    {
        "id": 139849,
        "name": "Marciano della Chiana",
        "country": "ITA",
        "state": "52"
    },
    {
        "id": 139851,
        "name": "Marcignana",
        "country": "ITA",
        "state": "52"
    },
    {
        "id": 139864,
        "name": "Margine Coperta-Traversagna",
        "country": "ITA",
        "state": "52"
    },
    {
        "id": 139879,
        "name": "Marina di Campo",
        "country": "ITA",
        "state": "52"
    },
    {
        "id": 139881,
        "name": "Marina di Carrara",
        "country": "ITA",
        "state": "52"
    },
    {
        "id": 139888,
        "name": "Marina di Grosseto",
        "country": "ITA",
        "state": "52"
    },
    {
        "id": 139889,
        "name": "Marina di Massa",
        "country": "ITA",
        "state": "52"
    },
    {
        "id": 139891,
        "name": "Marina di Pisa",
        "country": "ITA",
        "state": "52"
    },
    {
        "id": 139892,
        "name": "Marina di Pisa-Tirrenia-Calambrone",
        "country": "ITA",
        "state": "52"
    },
    {
        "id": 139904,
        "name": "Marliana",
        "country": "ITA",
        "state": "52"
    },
    {
        "id": 139915,
        "name": "Marradi",
        "country": "ITA",
        "state": "52"
    },
    {
        "id": 139929,
        "name": "Marti",
        "country": "ITA",
        "state": "52"
    },
    {
        "id": 139966,
        "name": "Massa",
        "country": "ITA",
        "state": "52"
    },
    {
        "id": 139973,
        "name": "Massa Marittima",
        "country": "ITA",
        "state": "52"
    },
    {
        "id": 139980,
        "name": "Massarosa",
        "country": "ITA",
        "state": "52"
    },
    {
        "id": 140072,
        "name": "Mercatale",
        "country": "ITA",
        "state": "52"
    },
    {
        "id": 140073,
        "name": "Mercatale-San Quirico",
        "country": "ITA",
        "state": "52"
    },
    {
        "id": 140102,
        "name": "Metato",
        "country": "ITA",
        "state": "52"
    },
    {
        "id": 140134,
        "name": "Migliarino",
        "country": "ITA",
        "state": "52"
    },
    {
        "id": 140163,
        "name": "Minucciano",
        "country": "ITA",
        "state": "52"
    },
    {
        "id": 140211,
        "name": "Molazzana",
        "country": "ITA",
        "state": "52"
    },
    {
        "id": 140224,
        "name": "Molino del Piano",
        "country": "ITA",
        "state": "52"
    },
    {
        "id": 140303,
        "name": "Monsummano Terme",
        "country": "ITA",
        "state": "52"
    },
    {
        "id": 140314,
        "name": "Montaione",
        "country": "ITA",
        "state": "52"
    },
    {
        "id": 140319,
        "name": "Montalcino",
        "country": "ITA",
        "state": "52"
    },
    {
        "id": 140326,
        "name": "Montale",
        "country": "ITA",
        "state": "52"
    },
    {
        "id": 140330,
        "name": "Montalto",
        "country": "ITA",
        "state": "52"
    },
    {
        "id": 140352,
        "name": "Monte Argentario",
        "country": "ITA",
        "state": "52"
    },
    {
        "id": 140377,
        "name": "Monte San Savino",
        "country": "ITA",
        "state": "52"
    },
    {
        "id": 140392,
        "name": "Montebonello",
        "country": "ITA",
        "state": "52"
    },
    {
        "id": 140399,
        "name": "Montecalvoli",
        "country": "ITA",
        "state": "52"
    },
    {
        "id": 140400,
        "name": "Montecarlo",
        "country": "ITA",
        "state": "52"
    },
    {
        "id": 140405,
        "name": "Montecatini Val di Cecina",
        "country": "ITA",
        "state": "52"
    },
    {
        "id": 140406,
        "name": "Montecatini-Terme",
        "country": "ITA",
        "state": "52"
    },
    {
        "id": 140481,
        "name": "Montelupo Fiorentino",
        "country": "ITA",
        "state": "52"
    },
    {
        "id": 140493,
        "name": "Montemignaio",
        "country": "ITA",
        "state": "52"
    },
    {
        "id": 140498,
        "name": "Montemurlo",
        "country": "ITA",
        "state": "52"
    },
    {
        "id": 140510,
        "name": "Montepulciano",
        "country": "ITA",
        "state": "52"
    },
    {
        "id": 140511,
        "name": "Montepulciano Stazione",
        "country": "ITA",
        "state": "52"
    },
    {
        "id": 140513,
        "name": "Monterchi",
        "country": "ITA",
        "state": "52"
    },
    {
        "id": 140517,
        "name": "Monteriggioni",
        "country": "ITA",
        "state": "52"
    },
    {
        "id": 140519,
        "name": "Monteroni d'Arbia",
        "country": "ITA",
        "state": "52"
    },
    {
        "id": 140527,
        "name": "Monterotondo Marittimo",
        "country": "ITA",
        "state": "52"
    },
    {
        "id": 140537,
        "name": "Montescudaio",
        "country": "ITA",
        "state": "52"
    },
    {
        "id": 140543,
        "name": "Montespertoli",
        "country": "ITA",
        "state": "52"
    },
    {
        "id": 140547,
        "name": "Montevarchi",
        "country": "ITA",
        "state": "52"
    },
    {
        "id": 140550,
        "name": "Monteverdi Marittimo",
        "country": "ITA",
        "state": "52"
    },
    {
        "id": 140554,
        "name": "Monti",
        "country": "ITA",
        "state": "52"
    },
    {
        "id": 140570,
        "name": "Monticiano",
        "country": "ITA",
        "state": "52"
    },
    {
        "id": 140571,
        "name": "Montieri",
        "country": "ITA",
        "state": "52"
    },
    {
        "id": 140574,
        "name": "Montignoso",
        "country": "ITA",
        "state": "52"
    },
    {
        "id": 140580,
        "name": "Montopoli",
        "country": "ITA",
        "state": "52"
    },
    {
        "id": 140682,
        "name": "Mulazzo",
        "country": "ITA",
        "state": "52"
    },
    {
        "id": 140692,
        "name": "Murlo",
        "country": "ITA",
        "state": "52"
    },
    {
        "id": 140940,
        "name": "Orbetello",
        "country": "ITA",
        "state": "52"
    },
    {
        "id": 140941,
        "name": "Orbetello Scalo",
        "country": "ITA",
        "state": "52"
    },
    {
        "id": 140943,
        "name": "Orciano Pisano",
        "country": "ITA",
        "state": "52"
    },
    {
        "id": 140947,
        "name": "Orentano",
        "country": "ITA",
        "state": "52"
    },
    {
        "id": 140985,
        "name": "Ortignano Raggiolo",
        "country": "ITA",
        "state": "52"
    },
    {
        "id": 140996,
        "name": "Orzignano",
        "country": "ITA",
        "state": "52"
    },
    {
        "id": 58222,
        "name": "Palaia",
        "country": "ITA",
        "state": "52"
    },
    {
        "id": 58237,
        "name": "Palazzuolo sul Senio",
        "country": "ITA",
        "state": "52"
    },
    {
        "id": 58252,
        "name": "Pallerone",
        "country": "ITA",
        "state": "52"
    },
    {
        "id": 58286,
        "name": "Panzano in Chianti",
        "country": "ITA",
        "state": "52"
    },
    {
        "id": 58347,
        "name": "Patigno",
        "country": "ITA",
        "state": "52"
    },
    {
        "id": 58367,
        "name": "Peccioli",
        "country": "ITA",
        "state": "52"
    },
    {
        "id": 58390,
        "name": "Pelago",
        "country": "ITA",
        "state": "52"
    },
    {
        "id": 58422,
        "name": "Pergine Valdarno",
        "country": "ITA",
        "state": "52"
    },
    {
        "id": 58448,
        "name": "Pescaglia",
        "country": "ITA",
        "state": "52"
    },
    {
        "id": 58457,
        "name": "Pescia",
        "country": "ITA",
        "state": "52"
    },
    {
        "id": 58509,
        "name": "Pian di Mugnone",
        "country": "ITA",
        "state": "52"
    },
    {
        "id": 58510,
        "name": "Pian di Scò",
        "country": "ITA",
        "state": "52"
    },
    {
        "id": 58517,
        "name": "Piancastagnaio",
        "country": "ITA",
        "state": "52"
    },
    {
        "id": 58541,
        "name": "Piano di Conca",
        "country": "ITA",
        "state": "52"
    },
    {
        "id": 58542,
        "name": "Piano di Coreglia-Ghivizzano",
        "country": "ITA",
        "state": "52"
    },
    {
        "id": 58544,
        "name": "Piano di Mommio",
        "country": "ITA",
        "state": "52"
    },
    {
        "id": 58569,
        "name": "Piazza al Serchio-San Michele",
        "country": "ITA",
        "state": "52"
    },
    {
        "id": 58597,
        "name": "Pienza",
        "country": "ITA",
        "state": "52"
    },
    {
        "id": 58625,
        "name": "Pietrasanta",
        "country": "ITA",
        "state": "52"
    },
    {
        "id": 58643,
        "name": "Pieve a Nievole",
        "country": "ITA",
        "state": "52"
    },
    {
        "id": 58644,
        "name": "Pieve al Toppo",
        "country": "ITA",
        "state": "52"
    },
    {
        "id": 58635,
        "name": "Pieve Fosciana",
        "country": "ITA",
        "state": "52"
    },
    {
        "id": 58639,
        "name": "Pieve Santo Stefano",
        "country": "ITA",
        "state": "52"
    },
    {
        "id": 58689,
        "name": "Piombino",
        "country": "ITA",
        "state": "52"
    },
    {
        "id": 58702,
        "name": "Pisa",
        "country": "ITA",
        "state": "52"
    },
    {
        "id": 58714,
        "name": "Pistoia",
        "country": "ITA",
        "state": "52"
    },
    {
        "id": 58716,
        "name": "Piteglio",
        "country": "ITA",
        "state": "52"
    },
    {
        "id": 58718,
        "name": "Pitigliano",
        "country": "ITA",
        "state": "52"
    },
    {
        "id": 58744,
        "name": "Podenzana",
        "country": "ITA",
        "state": "52"
    },
    {
        "id": 58747,
        "name": "Poggetto",
        "country": "ITA",
        "state": "52"
    },
    {
        "id": 58749,
        "name": "Poggibonsi",
        "country": "ITA",
        "state": "52"
    },
    {
        "id": 58750,
        "name": "Poggio A Caiano",
        "country": "ITA",
        "state": "52"
    },
    {
        "id": 58808,
        "name": "Pomarance",
        "country": "ITA",
        "state": "52"
    },
    {
        "id": 58825,
        "name": "Ponsacco",
        "country": "ITA",
        "state": "52"
    },
    {
        "id": 58830,
        "name": "Pontasserchio",
        "country": "ITA",
        "state": "52"
    },
    {
        "id": 58831,
        "name": "Pontassieve",
        "country": "ITA",
        "state": "52"
    },
    {
        "id": 58833,
        "name": "Ponte A Elsa",
        "country": "ITA",
        "state": "52"
    },
    {
        "id": 58851,
        "name": "Ponte a Poppi",
        "country": "ITA",
        "state": "52"
    },
    {
        "id": 58834,
        "name": "Ponte A Tressa",
        "country": "ITA",
        "state": "52"
    },
    {
        "id": 58836,
        "name": "Ponte Buggianese",
        "country": "ITA",
        "state": "52"
    },
    {
        "id": 58869,
        "name": "Pontedera",
        "country": "ITA",
        "state": "52"
    },
    {
        "id": 58878,
        "name": "Pontestazzemese",
        "country": "ITA",
        "state": "52"
    },
    {
        "id": 58886,
        "name": "Ponticino",
        "country": "ITA",
        "state": "52"
    },
    {
        "id": 58893,
        "name": "Pontremoli",
        "country": "ITA",
        "state": "52"
    },
    {
        "id": 58901,
        "name": "Poppi",
        "country": "ITA",
        "state": "52"
    },
    {
        "id": 58903,
        "name": "Porcari",
        "country": "ITA",
        "state": "52"
    },
    {
        "id": 58923,
        "name": "Porto Azzurro",
        "country": "ITA",
        "state": "52"
    },
    {
        "id": 58929,
        "name": "Porto Ercole",
        "country": "ITA",
        "state": "52"
    },
    {
        "id": 58936,
        "name": "Porto Santo Stefano",
        "country": "ITA",
        "state": "52"
    },
    {
        "id": 58944,
        "name": "Portoferraio",
        "country": "ITA",
        "state": "52"
    },
    {
        "id": 58978,
        "name": "Pozzale-Case Nuove",
        "country": "ITA",
        "state": "52"
    },
    {
        "id": 59018,
        "name": "Pratantico-Indicatore",
        "country": "ITA",
        "state": "52"
    },
    {
        "id": 59026,
        "name": "Prato",
        "country": "ITA",
        "state": "52"
    },
    {
        "id": 59036,
        "name": "Pratovecchio",
        "country": "ITA",
        "state": "52"
    },
    {
        "id": 59100,
        "name": "Province of Arezzo",
        "country": "ITA",
        "state": "52"
    },
    {
        "id": 59102,
        "name": "Province of Florence",
        "country": "ITA",
        "state": "52"
    },
    {
        "id": 59103,
        "name": "Province of Pisa",
        "country": "ITA",
        "state": "52"
    },
    {
        "id": 59136,
        "name": "Provincia di Grosseto",
        "country": "ITA",
        "state": "52"
    },
    {
        "id": 59143,
        "name": "Provincia di Livorno",
        "country": "ITA",
        "state": "52"
    },
    {
        "id": 59145,
        "name": "Provincia di Lucca",
        "country": "ITA",
        "state": "52"
    },
    {
        "id": 59148,
        "name": "Provincia di Massa-Carrara",
        "country": "ITA",
        "state": "52"
    },
    {
        "id": 59162,
        "name": "Provincia di Pistoia",
        "country": "ITA",
        "state": "52"
    },
    {
        "id": 59165,
        "name": "Provincia di Prato",
        "country": "ITA",
        "state": "52"
    },
    {
        "id": 59175,
        "name": "Provincia di Siena",
        "country": "ITA",
        "state": "52"
    },
    {
        "id": 59218,
        "name": "Quarata",
        "country": "ITA",
        "state": "52"
    },
    {
        "id": 59224,
        "name": "Quarrata",
        "country": "ITA",
        "state": "52"
    },
    {
        "id": 59237,
        "name": "Quattro Strade",
        "country": "ITA",
        "state": "52"
    },
    {
        "id": 59240,
        "name": "Quercianella",
        "country": "ITA",
        "state": "52"
    },
    {
        "id": 59261,
        "name": "Radda in Chianti",
        "country": "ITA",
        "state": "52"
    },
    {
        "id": 59263,
        "name": "Radicofani",
        "country": "ITA",
        "state": "52"
    },
    {
        "id": 59264,
        "name": "Radicondoli",
        "country": "ITA",
        "state": "52"
    },
    {
        "id": 59286,
        "name": "Rapolano Terme",
        "country": "ITA",
        "state": "52"
    },
    {
        "id": 59290,
        "name": "Rassina",
        "country": "ITA",
        "state": "52"
    },
    {
        "id": 59319,
        "name": "Reggello",
        "country": "ITA",
        "state": "52"
    },
    {
        "id": 59360,
        "name": "Ribolla",
        "country": "ITA",
        "state": "52"
    },
    {
        "id": 59379,
        "name": "Rignano sull'Arno",
        "country": "ITA",
        "state": "52"
    },
    {
        "id": 59386,
        "name": "Rio Marina",
        "country": "ITA",
        "state": "52"
    },
    {
        "id": 59390,
        "name": "Rio nell'Elba",
        "country": "ITA",
        "state": "52"
    },
    {
        "id": 59400,
        "name": "Ripa-Pozzi-Querceta-Ponterosso",
        "country": "ITA",
        "state": "52"
    },
    {
        "id": 59407,
        "name": "Riparbella",
        "country": "ITA",
        "state": "52"
    },
    {
        "id": 59505,
        "name": "Roccalbegna",
        "country": "ITA",
        "state": "52"
    },
    {
        "id": 59525,
        "name": "Roccastrada",
        "country": "ITA",
        "state": "52"
    },
    {
        "id": 59617,
        "name": "Ronta",
        "country": "ITA",
        "state": "52"
    },
    {
        "id": 59638,
        "name": "Rosia",
        "country": "ITA",
        "state": "52"
    },
    {
        "id": 59639,
        "name": "Rosignano Marittimo",
        "country": "ITA",
        "state": "52"
    },
    {
        "id": 59641,
        "name": "Rosignano Solvay-Castiglioncello",
        "country": "ITA",
        "state": "52"
    },
    {
        "id": 59699,
        "name": "Rufina",
        "country": "ITA",
        "state": "52"
    },
    {
        "id": 59710,
        "name": "S.P. in Palazzi",
        "country": "ITA",
        "state": "52"
    },
    {
        "id": 59770,
        "name": "Saline",
        "country": "ITA",
        "state": "52"
    },
    {
        "id": 59803,
        "name": "Sambuca",
        "country": "ITA",
        "state": "52"
    },
    {
        "id": 59804,
        "name": "Sambuca Pistoiese",
        "country": "ITA",
        "state": "52"
    },
    {
        "id": 59857,
        "name": "San Casciano dei Bagni",
        "country": "ITA",
        "state": "52"
    },
    {
        "id": 59858,
        "name": "San Casciano in Val di Pesa",
        "country": "ITA",
        "state": "52"
    },
    {
        "id": 59872,
        "name": "San Cipriano-S.Barbara-Centinale",
        "country": "ITA",
        "state": "52"
    },
    {
        "id": 59895,
        "name": "San Donato",
        "country": "ITA",
        "state": "52"
    },
    {
        "id": 59900,
        "name": "San Donnino",
        "country": "ITA",
        "state": "52"
    },
    {
        "id": 59926,
        "name": "San Francesco",
        "country": "ITA",
        "state": "52"
    },
    {
        "id": 59949,
        "name": "San Gimignano",
        "country": "ITA",
        "state": "52"
    },
    {
        "id": 59993,
        "name": "San Giovanni d'Asso",
        "country": "ITA",
        "state": "52"
    },
    {
        "id": 59990,
        "name": "San Giovanni Valdarno",
        "country": "ITA",
        "state": "52"
    },
    {
        "id": 60005,
        "name": "San Giuliano Terme",
        "country": "ITA",
        "state": "52"
    },
    {
        "id": 60016,
        "name": "San Giustino Valdarno",
        "country": "ITA",
        "state": "52"
    },
    {
        "id": 60018,
        "name": "San Godenzo",
        "country": "ITA",
        "state": "52"
    },
    {
        "id": 60026,
        "name": "San Jacopo al Girone",
        "country": "ITA",
        "state": "52"
    },
    {
        "id": 60059,
        "name": "San Marcello Pistoiese",
        "country": "ITA",
        "state": "52"
    },
    {
        "id": 60091,
        "name": "San Martino in Freddana-Monsagrati",
        "country": "ITA",
        "state": "52"
    },
    {
        "id": 60104,
        "name": "San Mauro",
        "country": "ITA",
        "state": "52"
    },
    {
        "id": 60127,
        "name": "San Miniato",
        "country": "ITA",
        "state": "52"
    },
    {
        "id": 60128,
        "name": "San Miniato Basso",
        "country": "ITA",
        "state": "52"
    },
    {
        "id": 60166,
        "name": "San Pierino",
        "country": "ITA",
        "state": "52"
    },
    {
        "id": 60168,
        "name": "San Piero a Sieve",
        "country": "ITA",
        "state": "52"
    },
    {
        "id": 60175,
        "name": "San Pietro Belvedere",
        "country": "ITA",
        "state": "52"
    },
    {
        "id": 60217,
        "name": "San Quirico d'Orcia",
        "country": "ITA",
        "state": "52"
    },
    {
        "id": 60224,
        "name": "San Rocco",
        "country": "ITA",
        "state": "52"
    },
    {
        "id": 60227,
        "name": "San Romano",
        "country": "ITA",
        "state": "52"
    },
    {
        "id": 60228,
        "name": "San Romano in Garfagnana",
        "country": "ITA",
        "state": "52"
    },
    {
        "id": 60267,
        "name": "San Vincenzo",
        "country": "ITA",
        "state": "52"
    },
    {
        "id": 60285,
        "name": "San Vito-Cerreto",
        "country": "ITA",
        "state": "52"
    },
    {
        "id": 60313,
        "name": "Sansepolcro",
        "country": "ITA",
        "state": "52"
    },
    {
        "id": 60332,
        "name": "Sant'Albino",
        "country": "ITA",
        "state": "52"
    },
    {
        "id": 60430,
        "name": "Santa Croce sull'Arno",
        "country": "ITA",
        "state": "52"
    },
    {
        "id": 60436,
        "name": "Santa Fiora",
        "country": "ITA",
        "state": "52"
    },
    {
        "id": 60443,
        "name": "Santa Luce",
        "country": "ITA",
        "state": "52"
    },
    {
        "id": 60444,
        "name": "Santa Lucia",
        "country": "ITA",
        "state": "52"
    },
    {
        "id": 60470,
        "name": "Santa Maria a Monte",
        "country": "ITA",
        "state": "52"
    },
    {
        "id": 60560,
        "name": "Sarteano",
        "country": "ITA",
        "state": "52"
    },
    {
        "id": 60570,
        "name": "Sassetta",
        "country": "ITA",
        "state": "52"
    },
    {
        "id": 60617,
        "name": "Scandicci",
        "country": "ITA",
        "state": "52"
    },
    {
        "id": 60625,
        "name": "Scansano",
        "country": "ITA",
        "state": "52"
    },
    {
        "id": 60632,
        "name": "Scarlino",
        "country": "ITA",
        "state": "52"
    },
    {
        "id": 60633,
        "name": "Scarlino Scalo",
        "country": "ITA",
        "state": "52"
    },
    {
        "id": 60636,
        "name": "Scarperia",
        "country": "ITA",
        "state": "52"
    },
    {
        "id": 60673,
        "name": "Seano",
        "country": "ITA",
        "state": "52"
    },
    {
        "id": 60688,
        "name": "Seggiano",
        "country": "ITA",
        "state": "52"
    },
    {
        "id": 60709,
        "name": "Selvatelle",
        "country": "ITA",
        "state": "52"
    },
    {
        "id": 60717,
        "name": "Semproniano",
        "country": "ITA",
        "state": "52"
    },
    {
        "id": 60735,
        "name": "Seravezza",
        "country": "ITA",
        "state": "52"
    },
    {
        "id": 60773,
        "name": "Serravalle Pistoiese",
        "country": "ITA",
        "state": "52"
    },
    {
        "id": 60780,
        "name": "Serre di Rapolano",
        "country": "ITA",
        "state": "52"
    },
    {
        "id": 60793,
        "name": "Sestino",
        "country": "ITA",
        "state": "52"
    },
    {
        "id": 60797,
        "name": "Sesto Fiorentino",
        "country": "ITA",
        "state": "52"
    },
    {
        "id": 60843,
        "name": "Sieci",
        "country": "ITA",
        "state": "52"
    },
    {
        "id": 60844,
        "name": "Siena",
        "country": "ITA",
        "state": "52"
    },
    {
        "id": 60846,
        "name": "Signa",
        "country": "ITA",
        "state": "52"
    },
    {
        "id": 60853,
        "name": "Sillano",
        "country": "ITA",
        "state": "52"
    },
    {
        "id": 60863,
        "name": "Sinalunga",
        "country": "ITA",
        "state": "52"
    },
    {
        "id": 60894,
        "name": "Soci",
        "country": "ITA",
        "state": "52"
    },
    {
        "id": 60947,
        "name": "Sorano",
        "country": "ITA",
        "state": "52"
    },
    {
        "id": 60983,
        "name": "Sovicille",
        "country": "ITA",
        "state": "52"
    },
    {
        "id": 61004,
        "name": "Spianate",
        "country": "ITA",
        "state": "52"
    },
    {
        "id": 61006,
        "name": "Spicchio-Sovigliana",
        "country": "ITA",
        "state": "52"
    },
    {
        "id": 61037,
        "name": "Stabbia",
        "country": "ITA",
        "state": "52"
    },
    {
        "id": 61040,
        "name": "Staggia",
        "country": "ITA",
        "state": "52"
    },
    {
        "id": 61050,
        "name": "Stazione",
        "country": "ITA",
        "state": "52"
    },
    {
        "id": 61052,
        "name": "Stazione Masotti",
        "country": "ITA",
        "state": "52"
    },
    {
        "id": 61069,
        "name": "Stia",
        "country": "ITA",
        "state": "52"
    },
    {
        "id": 61070,
        "name": "Stiava",
        "country": "ITA",
        "state": "52"
    },
    {
        "id": 61083,
        "name": "Strada",
        "country": "ITA",
        "state": "52"
    },
    {
        "id": 61085,
        "name": "Strada in Chianti",
        "country": "ITA",
        "state": "52"
    },
    {
        "id": 61094,
        "name": "Strettoia",
        "country": "ITA",
        "state": "52"
    },
    {
        "id": 61108,
        "name": "Subbiano",
        "country": "ITA",
        "state": "52"
    },
    {
        "id": 61135,
        "name": "Suvereto",
        "country": "ITA",
        "state": "52"
    },
    {
        "id": 61155,
        "name": "Talla",
        "country": "ITA",
        "state": "52"
    },
    {
        "id": 61180,
        "name": "Tavarnelle Val di Pesa",
        "country": "ITA",
        "state": "52"
    },
    {
        "id": 61181,
        "name": "Tavarnuzze",
        "country": "ITA",
        "state": "52"
    },
    {
        "id": 61186,
        "name": "Taverne D'Arbia",
        "country": "ITA",
        "state": "52"
    },
    {
        "id": 61204,
        "name": "Tegoleto",
        "country": "ITA",
        "state": "52"
    },
    {
        "id": 61234,
        "name": "Terontola",
        "country": "ITA",
        "state": "52"
    },
    {
        "id": 61243,
        "name": "Terranuova Bracciolini",
        "country": "ITA",
        "state": "52"
    },
    {
        "id": 61244,
        "name": "Terrarossa",
        "country": "ITA",
        "state": "52"
    },
    {
        "id": 61251,
        "name": "Terricciola",
        "country": "ITA",
        "state": "52"
    },
    {
        "id": 61372,
        "name": "Torre del Lago Puccini",
        "country": "ITA",
        "state": "52"
    },
    {
        "id": 61385,
        "name": "Torrenieri",
        "country": "ITA",
        "state": "52"
    },
    {
        "id": 61410,
        "name": "Torrita di Siena",
        "country": "ITA",
        "state": "52"
    },
    {
        "id": 61472,
        "name": "Treggiaia",
        "country": "ITA",
        "state": "52"
    },
    {
        "id": 61490,
        "name": "Trequanda",
        "country": "ITA",
        "state": "52"
    },
    {
        "id": 61492,
        "name": "Tresana",
        "country": "ITA",
        "state": "52"
    },
    {
        "id": 61589,
        "name": "Uggia-Pazzera-Bizzarrino",
        "country": "ITA",
        "state": "52"
    },
    {
        "id": 61594,
        "name": "Uliveto Terme",
        "country": "ITA",
        "state": "52"
    },
    {
        "id": 61621,
        "name": "Uzzano",
        "country": "ITA",
        "state": "52"
    },
    {
        "id": 61623,
        "name": "Vacchereccia",
        "country": "ITA",
        "state": "52"
    },
    {
        "id": 61627,
        "name": "Vada",
        "country": "ITA",
        "state": "52"
    },
    {
        "id": 61633,
        "name": "Vaglia",
        "country": "ITA",
        "state": "52"
    },
    {
        "id": 61637,
        "name": "Vaiano",
        "country": "ITA",
        "state": "52"
    },
    {
        "id": 61646,
        "name": "Val di Cava",
        "country": "ITA",
        "state": "52"
    },
    {
        "id": 61658,
        "name": "Valdottavo",
        "country": "ITA",
        "state": "52"
    },
    {
        "id": 61666,
        "name": "Valenzatico",
        "country": "ITA",
        "state": "52"
    },
    {
        "id": 61787,
        "name": "Vecchiano-Nodica",
        "country": "ITA",
        "state": "52"
    },
    {
        "id": 61829,
        "name": "Venturina",
        "country": "ITA",
        "state": "52"
    },
    {
        "id": 61857,
        "name": "Vernio",
        "country": "ITA",
        "state": "52"
    },
    {
        "id": 61879,
        "name": "Vescovado",
        "country": "ITA",
        "state": "52"
    },
    {
        "id": 61905,
        "name": "Viareggio",
        "country": "ITA",
        "state": "52"
    },
    {
        "id": 61910,
        "name": "Vicarello",
        "country": "ITA",
        "state": "52"
    },
    {
        "id": 61913,
        "name": "Vicchio",
        "country": "ITA",
        "state": "52"
    },
    {
        "id": 61915,
        "name": "Viciomaggio",
        "country": "ITA",
        "state": "52"
    },
    {
        "id": 61925,
        "name": "Vicopisano",
        "country": "ITA",
        "state": "52"
    },
    {
        "id": 61957,
        "name": "Vignale Riotorto",
        "country": "ITA",
        "state": "52"
    },
    {
        "id": 61964,
        "name": "Vignole-Olmi",
        "country": "ITA",
        "state": "52"
    },
    {
        "id": 61986,
        "name": "Villa Basilica",
        "country": "ITA",
        "state": "52"
    },
    {
        "id": 61994,
        "name": "Villa Collemandina",
        "country": "ITA",
        "state": "52"
    },
    {
        "id": 62062,
        "name": "Villafranca in Lunigiana",
        "country": "ITA",
        "state": "52"
    },
    {
        "id": 62163,
        "name": "Vinci",
        "country": "ITA",
        "state": "52"
    },
    {
        "id": 62218,
        "name": "Volterra",
        "country": "ITA",
        "state": "52"
    },
    {
        "id": 62253,
        "name": "Zeri",
        "country": "ITA",
        "state": "52"
    }
]