[
    {
        "id": 135252,
        "name": "Accumoli",
        "country": "ITA",
        "state": "62"
    },
    {
        "id": 135261,
        "name": "Acilia-Castel Fusano-Ostia Antica",
        "country": "ITA",
        "state": "62"
    },
    {
        "id": 135264,
        "name": "Acquafondata",
        "country": "ITA",
        "state": "62"
    },
    {
        "id": 135270,
        "name": "Acquapendente",
        "country": "ITA",
        "state": "62"
    },
    {
        "id": 135285,
        "name": "Acuto",
        "country": "ITA",
        "state": "62"
    },
    {
        "id": 135293,
        "name": "Affile",
        "country": "ITA",
        "state": "62"
    },
    {
        "id": 135313,
        "name": "Agosta",
        "country": "ITA",
        "state": "62"
    },
    {
        "id": 135345,
        "name": "Alatri",
        "country": "ITA",
        "state": "62"
    },
    {
        "id": 135351,
        "name": "Albano Laziale",
        "country": "ITA",
        "state": "62"
    },
    {
        "id": 135386,
        "name": "Albuccione",
        "country": "ITA",
        "state": "62"
    },
    {
        "id": 135419,
        "name": "Allumiere",
        "country": "ITA",
        "state": "62"
    },
    {
        "id": 135449,
        "name": "Alvito",
        "country": "ITA",
        "state": "62"
    },
    {
        "id": 135461,
        "name": "Amaseno",
        "country": "ITA",
        "state": "62"
    },
    {
        "id": 135463,
        "name": "Amatrice",
        "country": "ITA",
        "state": "62"
    },
    {
        "id": 135476,
        "name": "Anagni",
        "country": "ITA",
        "state": "62"
    },
    {
        "id": 135502,
        "name": "Anguillara Sabazia",
        "country": "ITA",
        "state": "62"
    },
    {
        "id": 135504,
        "name": "Anitrella-Chiaiamari",
        "country": "ITA",
        "state": "62"
    },
    {
        "id": 135517,
        "name": "Anticoli Corrado",
        "country": "ITA",
        "state": "62"
    },
    {
        "id": 135521,
        "name": "Antrodoco",
        "country": "ITA",
        "state": "62"
    },
    {
        "id": 135527,
        "name": "Anzio",
        "country": "ITA",
        "state": "62"
    },
    {
        "id": 135542,
        "name": "Aprilia",
        "country": "ITA",
        "state": "62"
    },
    {
        "id": 135547,
        "name": "Aquino",
        "country": "ITA",
        "state": "62"
    },
    {
        "id": 135548,
        "name": "Ara Nova",
        "country": "ITA",
        "state": "62"
    },
    {
        "id": 135561,
        "name": "Arce",
        "country": "ITA",
        "state": "62"
    },
    {
        "id": 135566,
        "name": "Arci-Empolitana",
        "country": "ITA",
        "state": "62"
    },
    {
        "id": 135568,
        "name": "Arcinazzo Romano",
        "country": "ITA",
        "state": "62"
    },
    {
        "id": 135578,
        "name": "Ardea",
        "country": "ITA",
        "state": "62"
    },
    {
        "id": 135584,
        "name": "Area Produttiva",
        "country": "ITA",
        "state": "62"
    },
    {
        "id": 135601,
        "name": "Ariccia",
        "country": "ITA",
        "state": "62"
    },
    {
        "id": 135610,
        "name": "Arlena di Castro",
        "country": "ITA",
        "state": "62"
    },
    {
        "id": 135615,
        "name": "Armetta",
        "country": "ITA",
        "state": "62"
    },
    {
        "id": 135619,
        "name": "Arnara",
        "country": "ITA",
        "state": "62"
    },
    {
        "id": 135628,
        "name": "Arpino",
        "country": "ITA",
        "state": "62"
    },
    {
        "id": 135640,
        "name": "Arsoli",
        "country": "ITA",
        "state": "62"
    },
    {
        "id": 135643,
        "name": "Artena",
        "country": "ITA",
        "state": "62"
    },
    {
        "id": 135657,
        "name": "Ascrea",
        "country": "ITA",
        "state": "62"
    },
    {
        "id": 135676,
        "name": "Atina",
        "country": "ITA",
        "state": "62"
    },
    {
        "id": 135677,
        "name": "Atina Inferiore",
        "country": "ITA",
        "state": "62"
    },
    {
        "id": 135689,
        "name": "Aurelia",
        "country": "ITA",
        "state": "62"
    },
    {
        "id": 135694,
        "name": "Ausonia",
        "country": "ITA",
        "state": "62"
    },
    {
        "id": 135758,
        "name": "Bagni di Tivoli",
        "country": "ITA",
        "state": "62"
    },
    {
        "id": 135775,
        "name": "Bagnoregio",
        "country": "ITA",
        "state": "62"
    },
    {
        "id": 135820,
        "name": "Barbarano Romano",
        "country": "ITA",
        "state": "62"
    },
    {
        "id": 135894,
        "name": "Bassano in Teverina",
        "country": "ITA",
        "state": "62"
    },
    {
        "id": 135892,
        "name": "Bassano Romano",
        "country": "ITA",
        "state": "62"
    },
    {
        "id": 135895,
        "name": "Bassiano",
        "country": "ITA",
        "state": "62"
    },
    {
        "id": 135935,
        "name": "Bella Farnia",
        "country": "ITA",
        "state": "62"
    },
    {
        "id": 135942,
        "name": "Bellegra",
        "country": "ITA",
        "state": "62"
    },
    {
        "id": 135952,
        "name": "Belmonte Castello",
        "country": "ITA",
        "state": "62"
    },
    {
        "id": 135956,
        "name": "Belmonte in Sabina",
        "country": "ITA",
        "state": "62"
    },
    {
        "id": 136074,
        "name": "Bivio di Capanelle",
        "country": "ITA",
        "state": "62"
    },
    {
        "id": 136072,
        "name": "Bivio San Polo",
        "country": "ITA",
        "state": "62"
    },
    {
        "id": 136080,
        "name": "Blera",
        "country": "ITA",
        "state": "62"
    },
    {
        "id": 136113,
        "name": "Bolsena",
        "country": "ITA",
        "state": "62"
    },
    {
        "id": 136118,
        "name": "Bomarzo",
        "country": "ITA",
        "state": "62"
    },
    {
        "id": 136145,
        "name": "Borbona",
        "country": "ITA",
        "state": "62"
    },
    {
        "id": 136172,
        "name": "Borgo Grappa",
        "country": "ITA",
        "state": "62"
    },
    {
        "id": 136173,
        "name": "Borgo Hermada",
        "country": "ITA",
        "state": "62"
    },
    {
        "id": 136174,
        "name": "Borgo Lotti",
        "country": "ITA",
        "state": "62"
    },
    {
        "id": 136178,
        "name": "Borgo Podgora",
        "country": "ITA",
        "state": "62"
    },
    {
        "id": 136180,
        "name": "Borgo Sabotino-Foce Verde",
        "country": "ITA",
        "state": "62"
    },
    {
        "id": 136186,
        "name": "Borgo San Michele",
        "country": "ITA",
        "state": "62"
    },
    {
        "id": 136195,
        "name": "Borgo Velino",
        "country": "ITA",
        "state": "62"
    },
    {
        "id": 136216,
        "name": "Borgorose",
        "country": "ITA",
        "state": "62"
    },
    {
        "id": 136271,
        "name": "Boville Ernica",
        "country": "ITA",
        "state": "62"
    },
    {
        "id": 136281,
        "name": "Bracciano",
        "country": "ITA",
        "state": "62"
    },
    {
        "id": 136345,
        "name": "Broccostella",
        "country": "ITA",
        "state": "62"
    },
    {
        "id": 136480,
        "name": "Caira",
        "country": "ITA",
        "state": "62"
    },
    {
        "id": 136500,
        "name": "Calcata Nuova",
        "country": "ITA",
        "state": "62"
    },
    {
        "id": 136581,
        "name": "Camerata Nuova",
        "country": "ITA",
        "state": "62"
    },
    {
        "id": 136587,
        "name": "Camilleri-Vallelata",
        "country": "ITA",
        "state": "62"
    },
    {
        "id": 136601,
        "name": "Campagnano di Roma",
        "country": "ITA",
        "state": "62"
    },
    {
        "id": 136634,
        "name": "Campo di Carne",
        "country": "ITA",
        "state": "62"
    },
    {
        "id": 136628,
        "name": "Campo Jemini",
        "country": "ITA",
        "state": "62"
    },
    {
        "id": 136630,
        "name": "Campo Limpido-Favale",
        "country": "ITA",
        "state": "62"
    },
    {
        "id": 136646,
        "name": "Campodimele",
        "country": "ITA",
        "state": "62"
    },
    {
        "id": 136659,
        "name": "Campoleone",
        "country": "ITA",
        "state": "62"
    },
    {
        "id": 136660,
        "name": "Campoli Appennino",
        "country": "ITA",
        "state": "62"
    },
    {
        "id": 136688,
        "name": "Canale Monterano",
        "country": "ITA",
        "state": "62"
    },
    {
        "id": 136709,
        "name": "Canepina",
        "country": "ITA",
        "state": "62"
    },
    {
        "id": 136714,
        "name": "Canino",
        "country": "ITA",
        "state": "62"
    },
    {
        "id": 136739,
        "name": "Cantalice",
        "country": "ITA",
        "state": "62"
    },
    {
        "id": 136743,
        "name": "Cantalupo in Sabina",
        "country": "ITA",
        "state": "62"
    },
    {
        "id": 136747,
        "name": "Canterano",
        "country": "ITA",
        "state": "62"
    },
    {
        "id": 136763,
        "name": "Capena",
        "country": "ITA",
        "state": "62"
    },
    {
        "id": 136781,
        "name": "Capodimonte",
        "country": "ITA",
        "state": "62"
    },
    {
        "id": 136801,
        "name": "Capranica",
        "country": "ITA",
        "state": "62"
    },
    {
        "id": 136802,
        "name": "Capranica Prenestina",
        "country": "ITA",
        "state": "62"
    },
    {
        "id": 136805,
        "name": "Caprarola",
        "country": "ITA",
        "state": "62"
    },
    {
        "id": 136844,
        "name": "Carbognano",
        "country": "ITA",
        "state": "62"
    },
    {
        "id": 136855,
        "name": "Carchitti",
        "country": "ITA",
        "state": "62"
    },
    {
        "id": 136918,
        "name": "Carpineto Romano",
        "country": "ITA",
        "state": "62"
    },
    {
        "id": 136926,
        "name": "Carrara-Pontenuovo",
        "country": "ITA",
        "state": "62"
    },
    {
        "id": 136937,
        "name": "Cartiera-Stazione",
        "country": "ITA",
        "state": "62"
    },
    {
        "id": 136958,
        "name": "Casal Palocco",
        "country": "ITA",
        "state": "62"
    },
    {
        "id": 136962,
        "name": "Casalattico",
        "country": "ITA",
        "state": "62"
    },
    {
        "id": 136963,
        "name": "Casalazzara",
        "country": "ITA",
        "state": "62"
    },
    {
        "id": 136993,
        "name": "Casali",
        "country": "ITA",
        "state": "62"
    },
    {
        "id": 137012,
        "name": "Casalvieri",
        "country": "ITA",
        "state": "62"
    },
    {
        "id": 137025,
        "name": "Casape",
        "country": "ITA",
        "state": "62"
    },
    {
        "id": 137028,
        "name": "Casaprota",
        "country": "ITA",
        "state": "62"
    },
    {
        "id": 137054,
        "name": "Case Campoli-Panetta",
        "country": "ITA",
        "state": "62"
    },
    {
        "id": 137091,
        "name": "Casperia",
        "country": "ITA",
        "state": "62"
    },
    {
        "id": 137112,
        "name": "Cassino",
        "country": "ITA",
        "state": "62"
    },
    {
        "id": 137134,
        "name": "Castel Chiodato",
        "country": "ITA",
        "state": "62"
    },
    {
        "id": 137175,
        "name": "Castel di Tora",
        "country": "ITA",
        "state": "62"
    },
    {
        "id": 137137,
        "name": "Castel Fusano",
        "country": "ITA",
        "state": "62"
    },
    {
        "id": 137139,
        "name": "Castel Gandolfo",
        "country": "ITA",
        "state": "62"
    },
    {
        "id": 137143,
        "name": "Castel Madama",
        "country": "ITA",
        "state": "62"
    },
    {
        "id": 137154,
        "name": "Castel San Pietro Romano",
        "country": "ITA",
        "state": "62"
    },
    {
        "id": 137157,
        "name": "Castel Sant'Angelo",
        "country": "ITA",
        "state": "62"
    },
    {
        "id": 137158,
        "name": "Castel Sant'Elia",
        "country": "ITA",
        "state": "62"
    },
    {
        "id": 137195,
        "name": "Castelforte",
        "country": "ITA",
        "state": "62"
    },
    {
        "id": 137250,
        "name": "Castelliri",
        "country": "ITA",
        "state": "62"
    },
    {
        "id": 137271,
        "name": "Castelmassimo",
        "country": "ITA",
        "state": "62"
    },
    {
        "id": 137301,
        "name": "Castelnuovo di Farfa",
        "country": "ITA",
        "state": "62"
    },
    {
        "id": 137303,
        "name": "Castelnuovo di Porto",
        "country": "ITA",
        "state": "62"
    },
    {
        "id": 137292,
        "name": "Castelnuovo Parano",
        "country": "ITA",
        "state": "62"
    },
    {
        "id": 137358,
        "name": "Castiglione in Teverina",
        "country": "ITA",
        "state": "62"
    },
    {
        "id": 137377,
        "name": "Castro dei Volsci",
        "country": "ITA",
        "state": "62"
    },
    {
        "id": 137379,
        "name": "Castrocielo",
        "country": "ITA",
        "state": "62"
    },
    {
        "id": 137430,
        "name": "Cave",
        "country": "ITA",
        "state": "62"
    },
    {
        "id": 137450,
        "name": "Ceccano",
        "country": "ITA",
        "state": "62"
    },
    {
        "id": 137451,
        "name": "Cecchina",
        "country": "ITA",
        "state": "62"
    },
    {
        "id": 137477,
        "name": "Celleno",
        "country": "ITA",
        "state": "62"
    },
    {
        "id": 137478,
        "name": "Cellere",
        "country": "ITA",
        "state": "62"
    },
    {
        "id": 137510,
        "name": "Ceprano",
        "country": "ITA",
        "state": "62"
    },
    {
        "id": 137559,
        "name": "Cerquotti-Madonna del Piano",
        "country": "ITA",
        "state": "62"
    },
    {
        "id": 137565,
        "name": "Cerreto Laziale",
        "country": "ITA",
        "state": "62"
    },
    {
        "id": 137582,
        "name": "Cervara di Roma",
        "country": "ITA",
        "state": "62"
    },
    {
        "id": 137584,
        "name": "Cervaro",
        "country": "ITA",
        "state": "62"
    },
    {
        "id": 137590,
        "name": "Cerveteri",
        "country": "ITA",
        "state": "62"
    },
    {
        "id": 137604,
        "name": "Cesano",
        "country": "ITA",
        "state": "62"
    },
    {
        "id": 137701,
        "name": "Ciampino",
        "country": "ITA",
        "state": "62"
    },
    {
        "id": 137711,
        "name": "Ciciliano",
        "country": "ITA",
        "state": "62"
    },
    {
        "id": 137730,
        "name": "Cineto Romano",
        "country": "ITA",
        "state": "62"
    },
    {
        "id": 137762,
        "name": "Cisterna di Latina",
        "country": "ITA",
        "state": "62"
    },
    {
        "id": 137776,
        "name": "Città metropolitana di Roma Capitale",
        "country": "ITA",
        "state": "62"
    },
    {
        "id": 137767,
        "name": "Cittaducale",
        "country": "ITA",
        "state": "62"
    },
    {
        "id": 137769,
        "name": "Cittareale",
        "country": "ITA",
        "state": "62"
    },
    {
        "id": 137786,
        "name": "Civita Castellana",
        "country": "ITA",
        "state": "62"
    },
    {
        "id": 137794,
        "name": "Civitavecchia",
        "country": "ITA",
        "state": "62"
    },
    {
        "id": 137801,
        "name": "Civitella d'Agliano",
        "country": "ITA",
        "state": "62"
    },
    {
        "id": 137800,
        "name": "Civitella San Paolo",
        "country": "ITA",
        "state": "62"
    },
    {
        "id": 137849,
        "name": "Coldragone",
        "country": "ITA",
        "state": "62"
    },
    {
        "id": 137856,
        "name": "Collalto Sabino",
        "country": "ITA",
        "state": "62"
    },
    {
        "id": 137860,
        "name": "Colle Campano-Scrima",
        "country": "ITA",
        "state": "62"
    },
    {
        "id": 137870,
        "name": "Colle del Pino",
        "country": "ITA",
        "state": "62"
    },
    {
        "id": 137871,
        "name": "Colle di Fuori",
        "country": "ITA",
        "state": "62"
    },
    {
        "id": 137872,
        "name": "Colle di Tora",
        "country": "ITA",
        "state": "62"
    },
    {
        "id": 137862,
        "name": "Colle Mainello",
        "country": "ITA",
        "state": "62"
    },
    {
        "id": 137863,
        "name": "Colle San Magno",
        "country": "ITA",
        "state": "62"
    },
    {
        "id": 137866,
        "name": "Colle Spina",
        "country": "ITA",
        "state": "62"
    },
    {
        "id": 137868,
        "name": "Colle Verde",
        "country": "ITA",
        "state": "62"
    },
    {
        "id": 137880,
        "name": "Colleferro",
        "country": "ITA",
        "state": "62"
    },
    {
        "id": 137881,
        "name": "Collefontana-Fontana Liri Inferiore",
        "country": "ITA",
        "state": "62"
    },
    {
        "id": 137882,
        "name": "Collegiove",
        "country": "ITA",
        "state": "62"
    },
    {
        "id": 137886,
        "name": "Collepardo",
        "country": "ITA",
        "state": "62"
    },
    {
        "id": 137896,
        "name": "Collevecchio",
        "country": "ITA",
        "state": "62"
    },
    {
        "id": 137897,
        "name": "Colleverde II",
        "country": "ITA",
        "state": "62"
    },
    {
        "id": 137900,
        "name": "Colli di Enea",
        "country": "ITA",
        "state": "62"
    },
    {
        "id": 137901,
        "name": "Colli sul Velino",
        "country": "ITA",
        "state": "62"
    },
    {
        "id": 137922,
        "name": "Colonna",
        "country": "ITA",
        "state": "62"
    },
    {
        "id": 137929,
        "name": "Colubro",
        "country": "ITA",
        "state": "62"
    },
    {
        "id": 137956,
        "name": "Concerviano",
        "country": "ITA",
        "state": "62"
    },
    {
        "id": 137968,
        "name": "Configni",
        "country": "ITA",
        "state": "62"
    },
    {
        "id": 137978,
        "name": "Contigliano",
        "country": "ITA",
        "state": "62"
    },
    {
        "id": 137998,
        "name": "Corchiano",
        "country": "ITA",
        "state": "62"
    },
    {
        "id": 138000,
        "name": "Corcolle",
        "country": "ITA",
        "state": "62"
    },
    {
        "id": 138007,
        "name": "Coreno Ausonio",
        "country": "ITA",
        "state": "62"
    },
    {
        "id": 138010,
        "name": "Cori",
        "country": "ITA",
        "state": "62"
    },
    {
        "id": 138074,
        "name": "Corvaro",
        "country": "ITA",
        "state": "62"
    },
    {
        "id": 138107,
        "name": "Costaroni",
        "country": "ITA",
        "state": "62"
    },
    {
        "id": 138113,
        "name": "Cottanello",
        "country": "ITA",
        "state": "62"
    },
    {
        "id": 138150,
        "name": "Cretone",
        "country": "ITA",
        "state": "62"
    },
    {
        "id": 138384,
        "name": "Esperia",
        "country": "ITA",
        "state": "62"
    },
    {
        "id": 138394,
        "name": "Fabrica di Roma",
        "country": "ITA",
        "state": "62"
    },
    {
        "id": 138418,
        "name": "Faleria",
        "country": "ITA",
        "state": "62"
    },
    {
        "id": 138425,
        "name": "Falvaterra",
        "country": "ITA",
        "state": "62"
    },
    {
        "id": 138443,
        "name": "Fara in Sabina",
        "country": "ITA",
        "state": "62"
    },
    {
        "id": 138449,
        "name": "Farnese",
        "country": "ITA",
        "state": "62"
    },
    {
        "id": 138480,
        "name": "Ferentino",
        "country": "ITA",
        "state": "62"
    },
    {
        "id": 138499,
        "name": "Fiamignano",
        "country": "ITA",
        "state": "62"
    },
    {
        "id": 138501,
        "name": "Fiano Romano",
        "country": "ITA",
        "state": "62"
    },
    {
        "id": 138521,
        "name": "Filacciano",
        "country": "ITA",
        "state": "62"
    },
    {
        "id": 138526,
        "name": "Filettino",
        "country": "ITA",
        "state": "62"
    },
    {
        "id": 138546,
        "name": "Fiuggi",
        "country": "ITA",
        "state": "62"
    },
    {
        "id": 138555,
        "name": "Fiumicino-Isola Sacra",
        "country": "ITA",
        "state": "62"
    },
    {
        "id": 138571,
        "name": "Focene",
        "country": "ITA",
        "state": "62"
    },
    {
        "id": 138588,
        "name": "Fondi",
        "country": "ITA",
        "state": "62"
    },
    {
        "id": 138610,
        "name": "Fontechiari",
        "country": "ITA",
        "state": "62"
    },
    {
        "id": 138617,
        "name": "Forano",
        "country": "ITA",
        "state": "62"
    },
    {
        "id": 138635,
        "name": "Formello",
        "country": "ITA",
        "state": "62"
    },
    {
        "id": 138636,
        "name": "Formia",
        "country": "ITA",
        "state": "62"
    },
    {
        "id": 138678,
        "name": "Fossignano",
        "country": "ITA",
        "state": "62"
    },
    {
        "id": 138708,
        "name": "Frascati",
        "country": "ITA",
        "state": "62"
    },
    {
        "id": 138717,
        "name": "Frasso Sabino",
        "country": "ITA",
        "state": "62"
    },
    {
        "id": 138728,
        "name": "Fregene",
        "country": "ITA",
        "state": "62"
    },
    {
        "id": 138741,
        "name": "Frosinone",
        "country": "ITA",
        "state": "62"
    },
    {
        "id": 138750,
        "name": "Fumone",
        "country": "ITA",
        "state": "62"
    },
    {
        "id": 138774,
        "name": "Gaeta",
        "country": "ITA",
        "state": "62"
    },
    {
        "id": 138802,
        "name": "Gallese",
        "country": "ITA",
        "state": "62"
    },
    {
        "id": 138808,
        "name": "Gallicano nel Lazio",
        "country": "ITA",
        "state": "62"
    },
    {
        "id": 138811,
        "name": "Gallinaro",
        "country": "ITA",
        "state": "62"
    },
    {
        "id": 138877,
        "name": "Gavignano",
        "country": "ITA",
        "state": "62"
    },
    {
        "id": 138895,
        "name": "Genazzano",
        "country": "ITA",
        "state": "62"
    },
    {
        "id": 138897,
        "name": "Genio Civile",
        "country": "ITA",
        "state": "62"
    },
    {
        "id": 138904,
        "name": "Genzano di Roma",
        "country": "ITA",
        "state": "62"
    },
    {
        "id": 138909,
        "name": "Gerano",
        "country": "ITA",
        "state": "62"
    },
    {
        "id": 138981,
        "name": "Girardi-Bellavista-Terrazze",
        "country": "ITA",
        "state": "62"
    },
    {
        "id": 138990,
        "name": "Giulianello",
        "country": "ITA",
        "state": "62"
    },
    {
        "id": 138992,
        "name": "Giuliano di Roma",
        "country": "ITA",
        "state": "62"
    },
    {
        "id": 139026,
        "name": "Gorga",
        "country": "ITA",
        "state": "62"
    },
    {
        "id": 139052,
        "name": "Gradoli",
        "country": "ITA",
        "state": "62"
    },
    {
        "id": 139054,
        "name": "Graffignano",
        "country": "ITA",
        "state": "62"
    },
    {
        "id": 139120,
        "name": "Grottaferrata",
        "country": "ITA",
        "state": "62"
    },
    {
        "id": 139127,
        "name": "Grotte di Castro",
        "country": "ITA",
        "state": "62"
    },
    {
        "id": 139126,
        "name": "Grotte Santo Stefano",
        "country": "ITA",
        "state": "62"
    },
    {
        "id": 139143,
        "name": "Grunuovo-Campomaggiore San Luca",
        "country": "ITA",
        "state": "62"
    },
    {
        "id": 139152,
        "name": "Guarcino",
        "country": "ITA",
        "state": "62"
    },
    {
        "id": 139178,
        "name": "Guidonia",
        "country": "ITA",
        "state": "62"
    },
    {
        "id": 139179,
        "name": "Guidonia Montecelio",
        "country": "ITA",
        "state": "62"
    },
    {
        "id": 139229,
        "name": "Ischia di Castro",
        "country": "ITA",
        "state": "62"
    },
    {
        "id": 139246,
        "name": "Isola del Liri",
        "country": "ITA",
        "state": "62"
    },
    {
        "id": 139268,
        "name": "Itri",
        "country": "ITA",
        "state": "62"
    },
    {
        "id": 139275,
        "name": "Jenne",
        "country": "ITA",
        "state": "62"
    },
    {
        "id": 139286,
        "name": "La Botte",
        "country": "ITA",
        "state": "62"
    },
    {
        "id": 139291,
        "name": "La Forma",
        "country": "ITA",
        "state": "62"
    },
    {
        "id": 139296,
        "name": "La Massimina-Casal Lumbroso",
        "country": "ITA",
        "state": "62"
    },
    {
        "id": 139310,
        "name": "Labico",
        "country": "ITA",
        "state": "62"
    },
    {
        "id": 139311,
        "name": "Labro",
        "country": "ITA",
        "state": "62"
    },
    {
        "id": 139318,
        "name": "Ladispoli",
        "country": "ITA",
        "state": "62"
    },
    {
        "id": 139322,
        "name": "Laghetto",
        "country": "ITA",
        "state": "62"
    },
    {
        "id": 139361,
        "name": "Lanuvio",
        "country": "ITA",
        "state": "62"
    },
    {
        "id": 139375,
        "name": "Lariano",
        "country": "ITA",
        "state": "62"
    },
    {
        "id": 139386,
        "name": "Latera",
        "country": "ITA",
        "state": "62"
    },
    {
        "id": 139390,
        "name": "Latina",
        "country": "ITA",
        "state": "62"
    },
    {
        "id": 139391,
        "name": "Latina Scalo",
        "country": "ITA",
        "state": "62"
    },
    {
        "id": 139417,
        "name": "Lavinio",
        "country": "ITA",
        "state": "62"
    },
    {
        "id": 139426,
        "name": "Le Forna",
        "country": "ITA",
        "state": "62"
    },
    {
        "id": 139429,
        "name": "Le Rughe",
        "country": "ITA",
        "state": "62"
    },
    {
        "id": 139448,
        "name": "Lenola",
        "country": "ITA",
        "state": "62"
    },
    {
        "id": 139456,
        "name": "Leonessa",
        "country": "ITA",
        "state": "62"
    },
    {
        "id": 139496,
        "name": "Licenza",
        "country": "ITA",
        "state": "62"
    },
    {
        "id": 139504,
        "name": "Lido dei Pini",
        "country": "ITA",
        "state": "62"
    },
    {
        "id": 139507,
        "name": "Lido di Ostia",
        "country": "ITA",
        "state": "62"
    },
    {
        "id": 139524,
        "name": "Limiti di Greccio",
        "country": "ITA",
        "state": "62"
    },
    {
        "id": 139599,
        "name": "Longone Sabino",
        "country": "ITA",
        "state": "62"
    },
    {
        "id": 139628,
        "name": "Lubriano",
        "country": "ITA",
        "state": "62"
    },
    {
        "id": 139688,
        "name": "Maccarese",
        "country": "ITA",
        "state": "62"
    },
    {
        "id": 139699,
        "name": "Macere",
        "country": "ITA",
        "state": "62"
    },
    {
        "id": 139713,
        "name": "Maenza",
        "country": "ITA",
        "state": "62"
    },
    {
        "id": 139726,
        "name": "Magliano Romano",
        "country": "ITA",
        "state": "62"
    },
    {
        "id": 139727,
        "name": "Magliano Sabina",
        "country": "ITA",
        "state": "62"
    },
    {
        "id": 139786,
        "name": "Mandela",
        "country": "ITA",
        "state": "62"
    },
    {
        "id": 139808,
        "name": "Mantiglia di Ardea",
        "country": "ITA",
        "state": "62"
    },
    {
        "id": 139813,
        "name": "Manziana",
        "country": "ITA",
        "state": "62"
    },
    {
        "id": 139821,
        "name": "Marano Equo",
        "country": "ITA",
        "state": "62"
    },
    {
        "id": 139830,
        "name": "Maranola-Trivio",
        "country": "ITA",
        "state": "62"
    },
    {
        "id": 139838,
        "name": "Marcellina",
        "country": "ITA",
        "state": "62"
    },
    {
        "id": 139841,
        "name": "Marcetelli",
        "country": "ITA",
        "state": "62"
    },
    {
        "id": 139853,
        "name": "Marco Simone",
        "country": "ITA",
        "state": "62"
    },
    {
        "id": 139877,
        "name": "Marina di Ardea-Tor San Lorenzo",
        "country": "ITA",
        "state": "62"
    },
    {
        "id": 139883,
        "name": "Marina di Cerveteri",
        "country": "ITA",
        "state": "62"
    },
    {
        "id": 139874,
        "name": "Marina San Nicola",
        "country": "ITA",
        "state": "62"
    },
    {
        "id": 139900,
        "name": "Marino",
        "country": "ITA",
        "state": "62"
    },
    {
        "id": 139925,
        "name": "Marta",
        "country": "ITA",
        "state": "62"
    },
    {
        "id": 140006,
        "name": "Mazzano Romano",
        "country": "ITA",
        "state": "62"
    },
    {
        "id": 140065,
        "name": "Mentana",
        "country": "ITA",
        "state": "62"
    },
    {
        "id": 140130,
        "name": "Micigliano",
        "country": "ITA",
        "state": "62"
    },
    {
        "id": 140162,
        "name": "Minturno",
        "country": "ITA",
        "state": "62"
    },
    {
        "id": 140212,
        "name": "Molella",
        "country": "ITA",
        "state": "62"
    },
    {
        "id": 140246,
        "name": "Mompeo",
        "country": "ITA",
        "state": "62"
    },
    {
        "id": 140336,
        "name": "Montalto di Castro",
        "country": "ITA",
        "state": "62"
    },
    {
        "id": 140348,
        "name": "Montasola",
        "country": "ITA",
        "state": "62"
    },
    {
        "id": 140353,
        "name": "Monte Caminetto",
        "country": "ITA",
        "state": "62"
    },
    {
        "id": 140362,
        "name": "Monte Migliore La Selvotta",
        "country": "ITA",
        "state": "62"
    },
    {
        "id": 140364,
        "name": "Monte Porzio Catone",
        "country": "ITA",
        "state": "62"
    },
    {
        "id": 140367,
        "name": "Monte Romano",
        "country": "ITA",
        "state": "62"
    },
    {
        "id": 140368,
        "name": "Monte San Biagio",
        "country": "ITA",
        "state": "62"
    },
    {
        "id": 140371,
        "name": "Monte San Giovanni Campano",
        "country": "ITA",
        "state": "62"
    },
    {
        "id": 140372,
        "name": "Monte San Giovanni in Sabina",
        "country": "ITA",
        "state": "62"
    },
    {
        "id": 140374,
        "name": "Monte San Marino",
        "country": "ITA",
        "state": "62"
    },
    {
        "id": 140394,
        "name": "Montebuono",
        "country": "ITA",
        "state": "62"
    },
    {
        "id": 140413,
        "name": "Montecelio",
        "country": "ITA",
        "state": "62"
    },
    {
        "id": 140419,
        "name": "Montecompatri",
        "country": "ITA",
        "state": "62"
    },
    {
        "id": 140437,
        "name": "Montefiascone",
        "country": "ITA",
        "state": "62"
    },
    {
        "id": 140442,
        "name": "Monteflavio",
        "country": "ITA",
        "state": "62"
    },
    {
        "id": 140464,
        "name": "Montelanico",
        "country": "ITA",
        "state": "62"
    },
    {
        "id": 140466,
        "name": "Montelarco",
        "country": "ITA",
        "state": "62"
    },
    {
        "id": 140468,
        "name": "Monteleone Sabino",
        "country": "ITA",
        "state": "62"
    },
    {
        "id": 140475,
        "name": "Montelibretti",
        "country": "ITA",
        "state": "62"
    },
    {
        "id": 140501,
        "name": "Montenero Sabino",
        "country": "ITA",
        "state": "62"
    },
    {
        "id": 140521,
        "name": "Monterosi",
        "country": "ITA",
        "state": "62"
    },
    {
        "id": 140526,
        "name": "Monterotondo",
        "country": "ITA",
        "state": "62"
    },
    {
        "id": 140581,
        "name": "Montopoli in Sabina",
        "country": "ITA",
        "state": "62"
    },
    {
        "id": 140585,
        "name": "Montorio Romano",
        "country": "ITA",
        "state": "62"
    },
    {
        "id": 140617,
        "name": "Moricone",
        "country": "ITA",
        "state": "62"
    },
    {
        "id": 140622,
        "name": "Morlupo",
        "country": "ITA",
        "state": "62"
    },
    {
        "id": 140629,
        "name": "Morolo",
        "country": "ITA",
        "state": "62"
    },
    {
        "id": 140632,
        "name": "Morro Reatino",
        "country": "ITA",
        "state": "62"
    },
    {
        "id": 140733,
        "name": "Nazzano",
        "country": "ITA",
        "state": "62"
    },
    {
        "id": 140740,
        "name": "Nemi",
        "country": "ITA",
        "state": "62"
    },
    {
        "id": 140744,
        "name": "Nepi",
        "country": "ITA",
        "state": "62"
    },
    {
        "id": 140747,
        "name": "Nerola",
        "country": "ITA",
        "state": "62"
    },
    {
        "id": 140750,
        "name": "Nespolo",
        "country": "ITA",
        "state": "62"
    },
    {
        "id": 140753,
        "name": "Nettuno",
        "country": "ITA",
        "state": "62"
    },
    {
        "id": 140808,
        "name": "Norma",
        "country": "ITA",
        "state": "62"
    },
    {
        "id": 140889,
        "name": "Olevano Romano",
        "country": "ITA",
        "state": "62"
    },
    {
        "id": 140920,
        "name": "Onano",
        "country": "ITA",
        "state": "62"
    },
    {
        "id": 140959,
        "name": "Oriolo Romano",
        "country": "ITA",
        "state": "62"
    },
    {
        "id": 140981,
        "name": "Orte",
        "country": "ITA",
        "state": "62"
    },
    {
        "id": 140982,
        "name": "Orte Scalo",
        "country": "ITA",
        "state": "62"
    },
    {
        "id": 140995,
        "name": "Orvinio",
        "country": "ITA",
        "state": "62"
    },
    {
        "id": 141036,
        "name": "Osteria Nuova",
        "country": "ITA",
        "state": "62"
    },
    {
        "id": 58202,
        "name": "Paganico Sabino",
        "country": "ITA",
        "state": "62"
    },
    {
        "id": 58241,
        "name": "Palestrina",
        "country": "ITA",
        "state": "62"
    },
    {
        "id": 58243,
        "name": "Paliano",
        "country": "ITA",
        "state": "62"
    },
    {
        "id": 58263,
        "name": "Palombara Sabina",
        "country": "ITA",
        "state": "62"
    },
    {
        "id": 58299,
        "name": "Parco Leonardo",
        "country": "ITA",
        "state": "62"
    },
    {
        "id": 58335,
        "name": "Passoscuro",
        "country": "ITA",
        "state": "62"
    },
    {
        "id": 58337,
        "name": "Pastena",
        "country": "ITA",
        "state": "62"
    },
    {
        "id": 58348,
        "name": "Patrica",
        "country": "ITA",
        "state": "62"
    },
    {
        "id": 58362,
        "name": "Pavona",
        "country": "ITA",
        "state": "62"
    },
    {
        "id": 58401,
        "name": "Penitro",
        "country": "ITA",
        "state": "62"
    },
    {
        "id": 58414,
        "name": "Percile",
        "country": "ITA",
        "state": "62"
    },
    {
        "id": 58458,
        "name": "Pescia Romana",
        "country": "ITA",
        "state": "62"
    },
    {
        "id": 58465,
        "name": "Pescorocchiano",
        "country": "ITA",
        "state": "62"
    },
    {
        "id": 58467,
        "name": "Pescosolido",
        "country": "ITA",
        "state": "62"
    },
    {
        "id": 58479,
        "name": "Petrella Salto",
        "country": "ITA",
        "state": "62"
    },
    {
        "id": 58551,
        "name": "Piansano",
        "country": "ITA",
        "state": "62"
    },
    {
        "id": 58581,
        "name": "Picinisco",
        "country": "ITA",
        "state": "62"
    },
    {
        "id": 58582,
        "name": "Pico",
        "country": "ITA",
        "state": "62"
    },
    {
        "id": 58591,
        "name": "Piedimonte San Germano",
        "country": "ITA",
        "state": "62"
    },
    {
        "id": 58592,
        "name": "Piedimonte San Germano Alta",
        "country": "ITA",
        "state": "62"
    },
    {
        "id": 58659,
        "name": "Piglio",
        "country": "ITA",
        "state": "62"
    },
    {
        "id": 58661,
        "name": "Pignataro Interamna",
        "country": "ITA",
        "state": "62"
    },
    {
        "id": 58712,
        "name": "Pisoniano",
        "country": "ITA",
        "state": "62"
    },
    {
        "id": 58746,
        "name": "Pofi",
        "country": "ITA",
        "state": "62"
    },
    {
        "id": 58752,
        "name": "Poggio Bustone",
        "country": "ITA",
        "state": "62"
    },
    {
        "id": 58753,
        "name": "Poggio Catino",
        "country": "ITA",
        "state": "62"
    },
    {
        "id": 58754,
        "name": "Poggio Ellera",
        "country": "ITA",
        "state": "62"
    },
    {
        "id": 58756,
        "name": "Poggio Mirteto",
        "country": "ITA",
        "state": "62"
    },
    {
        "id": 58757,
        "name": "Poggio Moiano",
        "country": "ITA",
        "state": "62"
    },
    {
        "id": 58758,
        "name": "Poggio Nativo",
        "country": "ITA",
        "state": "62"
    },
    {
        "id": 58762,
        "name": "Poggio San Lorenzo",
        "country": "ITA",
        "state": "62"
    },
    {
        "id": 58786,
        "name": "Poli",
        "country": "ITA",
        "state": "62"
    },
    {
        "id": 58815,
        "name": "Pomezia",
        "country": "ITA",
        "state": "62"
    },
    {
        "id": 58840,
        "name": "Ponte Galeria-La Pisana",
        "country": "ITA",
        "state": "62"
    },
    {
        "id": 58866,
        "name": "Pontecorvo",
        "country": "ITA",
        "state": "62"
    },
    {
        "id": 58888,
        "name": "Pontinia",
        "country": "ITA",
        "state": "62"
    },
    {
        "id": 58892,
        "name": "Ponton dell'Elce",
        "country": "ITA",
        "state": "62"
    },
    {
        "id": 58894,
        "name": "Ponza",
        "country": "ITA",
        "state": "62"
    },
    {
        "id": 58897,
        "name": "Ponzano Romano",
        "country": "ITA",
        "state": "62"
    },
    {
        "id": 58958,
        "name": "Posta",
        "country": "ITA",
        "state": "62"
    },
    {
        "id": 58959,
        "name": "Posta Fibreno",
        "country": "ITA",
        "state": "62"
    },
    {
        "id": 58975,
        "name": "Pozzaglia Sabino",
        "country": "ITA",
        "state": "62"
    },
    {
        "id": 59032,
        "name": "Prato di Coppola",
        "country": "ITA",
        "state": "62"
    },
    {
        "id": 59083,
        "name": "Priverno",
        "country": "ITA",
        "state": "62"
    },
    {
        "id": 59085,
        "name": "Proceno",
        "country": "ITA",
        "state": "62"
    },
    {
        "id": 59094,
        "name": "Prossedi",
        "country": "ITA",
        "state": "62"
    },
    {
        "id": 59133,
        "name": "Provincia di Frosinone",
        "country": "ITA",
        "state": "62"
    },
    {
        "id": 59140,
        "name": "Provincia di Latina",
        "country": "ITA",
        "state": "62"
    },
    {
        "id": 59169,
        "name": "Provincia di Rieti",
        "country": "ITA",
        "state": "62"
    },
    {
        "id": 59190,
        "name": "Provincia di Viterbo",
        "country": "ITA",
        "state": "62"
    },
    {
        "id": 59324,
        "name": "Regolelli",
        "country": "ITA",
        "state": "62"
    },
    {
        "id": 59357,
        "name": "Riano",
        "country": "ITA",
        "state": "62"
    },
    {
        "id": 59374,
        "name": "Rieti",
        "country": "ITA",
        "state": "62"
    },
    {
        "id": 59377,
        "name": "Rignano Flaminio",
        "country": "ITA",
        "state": "62"
    },
    {
        "id": 59391,
        "name": "Riofreddo",
        "country": "ITA",
        "state": "62"
    },
    {
        "id": 59411,
        "name": "Ripi",
        "country": "ITA",
        "state": "62"
    },
    {
        "id": 59440,
        "name": "Rivodutri",
        "country": "ITA",
        "state": "62"
    },
    {
        "id": 59466,
        "name": "Rocca Canterano",
        "country": "ITA",
        "state": "62"
    },
    {
        "id": 59482,
        "name": "Rocca d'Arce",
        "country": "ITA",
        "state": "62"
    },
    {
        "id": 59486,
        "name": "Rocca di Cave",
        "country": "ITA",
        "state": "62"
    },
    {
        "id": 59489,
        "name": "Rocca di Papa",
        "country": "ITA",
        "state": "62"
    },
    {
        "id": 59472,
        "name": "Rocca Massima",
        "country": "ITA",
        "state": "62"
    },
    {
        "id": 59475,
        "name": "Rocca Priora",
        "country": "ITA",
        "state": "62"
    },
    {
        "id": 59479,
        "name": "Rocca Santo Stefano",
        "country": "ITA",
        "state": "62"
    },
    {
        "id": 59480,
        "name": "Rocca Sinibalda",
        "country": "ITA",
        "state": "62"
    },
    {
        "id": 59502,
        "name": "Roccagiovine",
        "country": "ITA",
        "state": "62"
    },
    {
        "id": 59504,
        "name": "Roccagorga",
        "country": "ITA",
        "state": "62"
    },
    {
        "id": 59512,
        "name": "Roccantica",
        "country": "ITA",
        "state": "62"
    },
    {
        "id": 59519,
        "name": "Roccasecca",
        "country": "ITA",
        "state": "62"
    },
    {
        "id": 59521,
        "name": "Roccasecca dei Volsci",
        "country": "ITA",
        "state": "62"
    },
    {
        "id": 59520,
        "name": "Roccasecca Stazione",
        "country": "ITA",
        "state": "62"
    },
    {
        "id": 59566,
        "name": "Roiate",
        "country": "ITA",
        "state": "62"
    },
    {
        "id": 59582,
        "name": "Rome",
        "country": "ITA",
        "state": "62"
    },
    {
        "id": 59599,
        "name": "Ronciglione",
        "country": "ITA",
        "state": "62"
    },
    {
        "id": 59684,
        "name": "Roviano",
        "country": "ITA",
        "state": "62"
    },
    {
        "id": 59711,
        "name": "Sabaudia",
        "country": "ITA",
        "state": "62"
    },
    {
        "id": 59721,
        "name": "Sacrofano",
        "country": "ITA",
        "state": "62"
    },
    {
        "id": 59774,
        "name": "Salisano",
        "country": "ITA",
        "state": "62"
    },
    {
        "id": 59807,
        "name": "Sambuci",
        "country": "ITA",
        "state": "62"
    },
    {
        "id": 59817,
        "name": "San Bartolomeo",
        "country": "ITA",
        "state": "62"
    },
    {
        "id": 59842,
        "name": "San Biagio Saracinisco",
        "country": "ITA",
        "state": "62"
    },
    {
        "id": 59863,
        "name": "San Cesareo",
        "country": "ITA",
        "state": "62"
    },
    {
        "id": 59897,
        "name": "San Donato Val di Comino",
        "country": "ITA",
        "state": "62"
    },
    {
        "id": 59909,
        "name": "San Felice Circeo",
        "country": "ITA",
        "state": "62"
    },
    {
        "id": 59964,
        "name": "San Giorgio a Liri",
        "country": "ITA",
        "state": "62"
    },
    {
        "id": 59985,
        "name": "San Giovanni Incarico",
        "country": "ITA",
        "state": "62"
    },
    {
        "id": 60002,
        "name": "San Giovanni-Patoni",
        "country": "ITA",
        "state": "62"
    },
    {
        "id": 60014,
        "name": "San Giuseppe le Prata-Cotropagno",
        "country": "ITA",
        "state": "62"
    },
    {
        "id": 60023,
        "name": "San Gregorio da Sassola",
        "country": "ITA",
        "state": "62"
    },
    {
        "id": 60043,
        "name": "San Lorenzo Nuovo",
        "country": "ITA",
        "state": "62"
    },
    {
        "id": 60079,
        "name": "San Martino al Cimino",
        "country": "ITA",
        "state": "62"
    },
    {
        "id": 60206,
        "name": "San Polo dei Cavalieri",
        "country": "ITA",
        "state": "62"
    },
    {
        "id": 60277,
        "name": "San Vito Romano",
        "country": "ITA",
        "state": "62"
    },
    {
        "id": 60288,
        "name": "San Vittore del Lazio",
        "country": "ITA",
        "state": "62"
    },
    {
        "id": 60339,
        "name": "Sant'Ambrogio sul Garigliano",
        "country": "ITA",
        "state": "62"
    },
    {
        "id": 60347,
        "name": "Sant'Andrea del Garigliano",
        "country": "ITA",
        "state": "62"
    },
    {
        "id": 60371,
        "name": "Sant'Angelo in Villa-Giglio",
        "country": "ITA",
        "state": "62"
    },
    {
        "id": 60361,
        "name": "Sant'Angelo Romano",
        "country": "ITA",
        "state": "62"
    },
    {
        "id": 60385,
        "name": "Sant'Apollinare",
        "country": "ITA",
        "state": "62"
    },
    {
        "id": 60397,
        "name": "Sant'Elia Fiumerapido",
        "country": "ITA",
        "state": "62"
    },
    {
        "id": 60410,
        "name": "Sant'Oreste",
        "country": "ITA",
        "state": "62"
    },
    {
        "id": 60446,
        "name": "Santa Lucia",
        "country": "ITA",
        "state": "62"
    },
    {
        "id": 60484,
        "name": "Santa Marinella",
        "country": "ITA",
        "state": "62"
    },
    {
        "id": 60489,
        "name": "Santa Rufina",
        "country": "ITA",
        "state": "62"
    },
    {
        "id": 60509,
        "name": "Santi Cosma e Damiano",
        "country": "ITA",
        "state": "62"
    },
    {
        "id": 60529,
        "name": "Santopadre",
        "country": "ITA",
        "state": "62"
    },
    {
        "id": 60540,
        "name": "Saracinesco",
        "country": "ITA",
        "state": "62"
    },
    {
        "id": 60566,
        "name": "Sassacci",
        "country": "ITA",
        "state": "62"
    },
    {
        "id": 60620,
        "name": "Scandriglia",
        "country": "ITA",
        "state": "62"
    },
    {
        "id": 60689,
        "name": "Segni",
        "country": "ITA",
        "state": "62"
    },
    {
        "id": 60694,
        "name": "Selcetta",
        "country": "ITA",
        "state": "62"
    },
    {
        "id": 60695,
        "name": "Selci",
        "country": "ITA",
        "state": "62"
    },
    {
        "id": 60745,
        "name": "Sermoneta",
        "country": "ITA",
        "state": "62"
    },
    {
        "id": 60783,
        "name": "Serrone",
        "country": "ITA",
        "state": "62"
    },
    {
        "id": 60807,
        "name": "Settefrati",
        "country": "ITA",
        "state": "62"
    },
    {
        "id": 60808,
        "name": "Setteville",
        "country": "ITA",
        "state": "62"
    },
    {
        "id": 60824,
        "name": "Sezze",
        "country": "ITA",
        "state": "62"
    },
    {
        "id": 60825,
        "name": "Sezze Scalo",
        "country": "ITA",
        "state": "62"
    },
    {
        "id": 60832,
        "name": "Sgurgola",
        "country": "ITA",
        "state": "62"
    },
    {
        "id": 60941,
        "name": "Sonnino",
        "country": "ITA",
        "state": "62"
    },
    {
        "id": 60944,
        "name": "Sora",
        "country": "ITA",
        "state": "62"
    },
    {
        "id": 60960,
        "name": "Soriano nel Cimino",
        "country": "ITA",
        "state": "62"
    },
    {
        "id": 60998,
        "name": "Sperlonga",
        "country": "ITA",
        "state": "62"
    },
    {
        "id": 61008,
        "name": "Spigno Saturnia Inferiore",
        "country": "ITA",
        "state": "62"
    },
    {
        "id": 61009,
        "name": "Spigno Saturnia Superiore",
        "country": "ITA",
        "state": "62"
    },
    {
        "id": 61076,
        "name": "Stimigliano",
        "country": "ITA",
        "state": "62"
    },
    {
        "id": 61089,
        "name": "Strangolagalli",
        "country": "ITA",
        "state": "62"
    },
    {
        "id": 61109,
        "name": "Subiaco",
        "country": "ITA",
        "state": "62"
    },
    {
        "id": 61124,
        "name": "Supino",
        "country": "ITA",
        "state": "62"
    },
    {
        "id": 61133,
        "name": "Sutri",
        "country": "ITA",
        "state": "62"
    },
    {
        "id": 61162,
        "name": "Tarano",
        "country": "ITA",
        "state": "62"
    },
    {
        "id": 61167,
        "name": "Tarquinia",
        "country": "ITA",
        "state": "62"
    },
    {
        "id": 61200,
        "name": "Tecchiena",
        "country": "ITA",
        "state": "62"
    },
    {
        "id": 61219,
        "name": "Terelle",
        "country": "ITA",
        "state": "62"
    },
    {
        "id": 61235,
        "name": "Terracina",
        "country": "ITA",
        "state": "62"
    },
    {
        "id": 61262,
        "name": "Tessennano",
        "country": "ITA",
        "state": "62"
    },
    {
        "id": 61288,
        "name": "Tivoli",
        "country": "ITA",
        "state": "62"
    },
    {
        "id": 61296,
        "name": "Toffia",
        "country": "ITA",
        "state": "62"
    },
    {
        "id": 61299,
        "name": "Tolfa",
        "country": "ITA",
        "state": "62"
    },
    {
        "id": 61314,
        "name": "Tor Lupara",
        "country": "ITA",
        "state": "62"
    },
    {
        "id": 61351,
        "name": "Torre Caietani",
        "country": "ITA",
        "state": "62"
    },
    {
        "id": 61396,
        "name": "Torri in Sabina",
        "country": "ITA",
        "state": "62"
    },
    {
        "id": 61398,
        "name": "Torrice",
        "country": "ITA",
        "state": "62"
    },
    {
        "id": 61404,
        "name": "Torricella in Sabina",
        "country": "ITA",
        "state": "62"
    },
    {
        "id": 61409,
        "name": "Torrita Tiberina",
        "country": "ITA",
        "state": "62"
    },
    {
        "id": 61419,
        "name": "Torvaianica",
        "country": "ITA",
        "state": "62"
    },
    {
        "id": 61420,
        "name": "Torvaianica Alta",
        "country": "ITA",
        "state": "62"
    },
    {
        "id": 61429,
        "name": "Tragliatella Campitello",
        "country": "ITA",
        "state": "62"
    },
    {
        "id": 61502,
        "name": "Trevi nel Lazio",
        "country": "ITA",
        "state": "62"
    },
    {
        "id": 61506,
        "name": "Trevignano Romano",
        "country": "ITA",
        "state": "62"
    },
    {
        "id": 61541,
        "name": "Trivigliano",
        "country": "ITA",
        "state": "62"
    },
    {
        "id": 61570,
        "name": "Turania",
        "country": "ITA",
        "state": "62"
    },
    {
        "id": 61581,
        "name": "Tuscania",
        "country": "ITA",
        "state": "62"
    },
    {
        "id": 61625,
        "name": "Vacone",
        "country": "ITA",
        "state": "62"
    },
    {
        "id": 61648,
        "name": "Valcanneto",
        "country": "ITA",
        "state": "62"
    },
    {
        "id": 61662,
        "name": "Valentano",
        "country": "ITA",
        "state": "62"
    },
    {
        "id": 61688,
        "name": "Valle Martella",
        "country": "ITA",
        "state": "62"
    },
    {
        "id": 61693,
        "name": "Valle Santa",
        "country": "ITA",
        "state": "62"
    },
    {
        "id": 61702,
        "name": "Vallecorsa",
        "country": "ITA",
        "state": "62"
    },
    {
        "id": 61711,
        "name": "Vallemaio",
        "country": "ITA",
        "state": "62"
    },
    {
        "id": 61712,
        "name": "Vallepietra",
        "country": "ITA",
        "state": "62"
    },
    {
        "id": 61713,
        "name": "Vallerano",
        "country": "ITA",
        "state": "62"
    },
    {
        "id": 61715,
        "name": "Vallerotonda",
        "country": "ITA",
        "state": "62"
    },
    {
        "id": 61721,
        "name": "Vallinfreda",
        "country": "ITA",
        "state": "62"
    },
    {
        "id": 61732,
        "name": "Valmontone",
        "country": "ITA",
        "state": "62"
    },
    {
        "id": 61765,
        "name": "Varco Sabino",
        "country": "ITA",
        "state": "62"
    },
    {
        "id": 61778,
        "name": "Vasanello",
        "country": "ITA",
        "state": "62"
    },
    {
        "id": 61798,
        "name": "Vejano",
        "country": "ITA",
        "state": "62"
    },
    {
        "id": 61802,
        "name": "Velletri",
        "country": "ITA",
        "state": "62"
    },
    {
        "id": 61828,
        "name": "Ventotene",
        "country": "ITA",
        "state": "62"
    },
    {
        "id": 61862,
        "name": "Veroli",
        "country": "ITA",
        "state": "62"
    },
    {
        "id": 61890,
        "name": "Vetralla",
        "country": "ITA",
        "state": "62"
    },
    {
        "id": 61909,
        "name": "Vicalvi",
        "country": "ITA",
        "state": "62"
    },
    {
        "id": 61919,
        "name": "Vico nel Lazio",
        "country": "ITA",
        "state": "62"
    },
    {
        "id": 61926,
        "name": "Vicovaro",
        "country": "ITA",
        "state": "62"
    },
    {
        "id": 61958,
        "name": "Vignanello",
        "country": "ITA",
        "state": "62"
    },
    {
        "id": 61984,
        "name": "Villa Adriana",
        "country": "ITA",
        "state": "62"
    },
    {
        "id": 62002,
        "name": "Villa Latina",
        "country": "ITA",
        "state": "62"
    },
    {
        "id": 62018,
        "name": "Villa San Giovanni in Tuscia",
        "country": "ITA",
        "state": "62"
    },
    {
        "id": 62024,
        "name": "Villa Santa Lucia",
        "country": "ITA",
        "state": "62"
    },
    {
        "id": 62028,
        "name": "Villa Santo Stefano",
        "country": "ITA",
        "state": "62"
    },
    {
        "id": 62077,
        "name": "Villalba",
        "country": "ITA",
        "state": "62"
    },
    {
        "id": 62095,
        "name": "Villanova",
        "country": "ITA",
        "state": "62"
    },
    {
        "id": 62179,
        "name": "Viterbo",
        "country": "ITA",
        "state": "62"
    },
    {
        "id": 62180,
        "name": "Viticuso",
        "country": "ITA",
        "state": "62"
    },
    {
        "id": 62182,
        "name": "Vitinia",
        "country": "ITA",
        "state": "62"
    },
    {
        "id": 62183,
        "name": "Vitorchiano",
        "country": "ITA",
        "state": "62"
    },
    {
        "id": 62191,
        "name": "Vivaro Romano",
        "country": "ITA",
        "state": "62"
    },
    {
        "id": 62231,
        "name": "Zagarolo",
        "country": "ITA",
        "state": "62"
    },
    {
        "id": 62248,
        "name": "Zepponami",
        "country": "ITA",
        "state": "62"
    }
]