[
    {
        "id": 135254,
        "name": "Acerno",
        "country": "ITA",
        "state": "72"
    },
    {
        "id": 135255,
        "name": "Acerra",
        "country": "ITA",
        "state": "72"
    },
    {
        "id": 135294,
        "name": "Afragola",
        "country": "ITA",
        "state": "72"
    },
    {
        "id": 135298,
        "name": "Agerola",
        "country": "ITA",
        "state": "72"
    },
    {
        "id": 135319,
        "name": "Agropoli",
        "country": "ITA",
        "state": "72"
    },
    {
        "id": 135328,
        "name": "Aiello del Sabato",
        "country": "ITA",
        "state": "72"
    },
    {
        "id": 135330,
        "name": "Ailano",
        "country": "ITA",
        "state": "72"
    },
    {
        "id": 135334,
        "name": "Airola",
        "country": "ITA",
        "state": "72"
    },
    {
        "id": 135350,
        "name": "Albanella",
        "country": "ITA",
        "state": "72"
    },
    {
        "id": 135399,
        "name": "Alfano",
        "country": "ITA",
        "state": "72"
    },
    {
        "id": 135411,
        "name": "Alife",
        "country": "ITA",
        "state": "72"
    },
    {
        "id": 135432,
        "name": "Altavilla Irpina",
        "country": "ITA",
        "state": "72"
    },
    {
        "id": 135435,
        "name": "Altavilla Silentina",
        "country": "ITA",
        "state": "72"
    },
    {
        "id": 135448,
        "name": "Alvignano",
        "country": "ITA",
        "state": "72"
    },
    {
        "id": 135456,
        "name": "Amalfi",
        "country": "ITA",
        "state": "72"
    },
    {
        "id": 135472,
        "name": "Amodio-Massariola",
        "country": "ITA",
        "state": "72"
    },
    {
        "id": 135473,
        "name": "Amorosi",
        "country": "ITA",
        "state": "72"
    },
    {
        "id": 135475,
        "name": "Anacapri",
        "country": "ITA",
        "state": "72"
    },
    {
        "id": 135490,
        "name": "Andretta-Mattinella",
        "country": "ITA",
        "state": "72"
    },
    {
        "id": 135500,
        "name": "Angri",
        "country": "ITA",
        "state": "72"
    },
    {
        "id": 135508,
        "name": "Annunziata",
        "country": "ITA",
        "state": "72"
    },
    {
        "id": 135515,
        "name": "Antessano",
        "country": "ITA",
        "state": "72"
    },
    {
        "id": 135532,
        "name": "Apice Vecchio",
        "country": "ITA",
        "state": "72"
    },
    {
        "id": 135534,
        "name": "Apollosa",
        "country": "ITA",
        "state": "72"
    },
    {
        "id": 135543,
        "name": "Aquara",
        "country": "ITA",
        "state": "72"
    },
    {
        "id": 135546,
        "name": "Aquilonia",
        "country": "ITA",
        "state": "72"
    },
    {
        "id": 135587,
        "name": "Arenella",
        "country": "ITA",
        "state": "72"
    },
    {
        "id": 135599,
        "name": "Ariano",
        "country": "ITA",
        "state": "72"
    },
    {
        "id": 135600,
        "name": "Ariano Irpino-Martiri",
        "country": "ITA",
        "state": "72"
    },
    {
        "id": 135603,
        "name": "Arienzo",
        "country": "ITA",
        "state": "72"
    },
    {
        "id": 135606,
        "name": "Ariola",
        "country": "ITA",
        "state": "72"
    },
    {
        "id": 135623,
        "name": "Arola-Preazzano",
        "country": "ITA",
        "state": "72"
    },
    {
        "id": 135626,
        "name": "Arpaia",
        "country": "ITA",
        "state": "72"
    },
    {
        "id": 135627,
        "name": "Arpaise",
        "country": "ITA",
        "state": "72"
    },
    {
        "id": 135629,
        "name": "Arpino",
        "country": "ITA",
        "state": "72"
    },
    {
        "id": 135649,
        "name": "Arzano",
        "country": "ITA",
        "state": "72"
    },
    {
        "id": 135653,
        "name": "Ascea",
        "country": "ITA",
        "state": "72"
    },
    {
        "id": 135674,
        "name": "Atena Lucana",
        "country": "ITA",
        "state": "72"
    },
    {
        "id": 135678,
        "name": "Atrani",
        "country": "ITA",
        "state": "72"
    },
    {
        "id": 135680,
        "name": "Atripalda",
        "country": "ITA",
        "state": "72"
    },
    {
        "id": 135686,
        "name": "Auletta",
        "country": "ITA",
        "state": "72"
    },
    {
        "id": 135699,
        "name": "Avella",
        "country": "ITA",
        "state": "72"
    },
    {
        "id": 135700,
        "name": "Avellino",
        "country": "ITA",
        "state": "72"
    },
    {
        "id": 135702,
        "name": "Aversa",
        "country": "ITA",
        "state": "72"
    },
    {
        "id": 135715,
        "name": "Avvocata",
        "country": "ITA",
        "state": "72"
    },
    {
        "id": 135729,
        "name": "Bacoli",
        "country": "ITA",
        "state": "72"
    },
    {
        "id": 135762,
        "name": "Bagnoli",
        "country": "ITA",
        "state": "72"
    },
    {
        "id": 135763,
        "name": "Bagnoli Irpino",
        "country": "ITA",
        "state": "72"
    },
    {
        "id": 135777,
        "name": "Baia",
        "country": "ITA",
        "state": "72"
    },
    {
        "id": 135778,
        "name": "Baiano",
        "country": "ITA",
        "state": "72"
    },
    {
        "id": 135805,
        "name": "Banzano",
        "country": "ITA",
        "state": "72"
    },
    {
        "id": 135812,
        "name": "Barano d'Ischia",
        "country": "ITA",
        "state": "72"
    },
    {
        "id": 135865,
        "name": "Baronissi",
        "country": "ITA",
        "state": "72"
    },
    {
        "id": 135867,
        "name": "Barra",
        "country": "ITA",
        "state": "72"
    },
    {
        "id": 135883,
        "name": "Baselice",
        "country": "ITA",
        "state": "72"
    },
    {
        "id": 135909,
        "name": "Battipaglia",
        "country": "ITA",
        "state": "72"
    },
    {
        "id": 135945,
        "name": "Bellizzi",
        "country": "ITA",
        "state": "72"
    },
    {
        "id": 135947,
        "name": "Bellona",
        "country": "ITA",
        "state": "72"
    },
    {
        "id": 135948,
        "name": "Bellosguardo",
        "country": "ITA",
        "state": "72"
    },
    {
        "id": 135959,
        "name": "Beltiglio-San Giovanni",
        "country": "ITA",
        "state": "72"
    },
    {
        "id": 135976,
        "name": "Benevento",
        "country": "ITA",
        "state": "72"
    },
    {
        "id": 136058,
        "name": "Bisaccia",
        "country": "ITA",
        "state": "72"
    },
    {
        "id": 136059,
        "name": "Bisaccia Nuova",
        "country": "ITA",
        "state": "72"
    },
    {
        "id": 136071,
        "name": "Bivio Mortola",
        "country": "ITA",
        "state": "72"
    },
    {
        "id": 136073,
        "name": "Bivio Santa Cecilia",
        "country": "ITA",
        "state": "72"
    },
    {
        "id": 136134,
        "name": "Bonea",
        "country": "ITA",
        "state": "72"
    },
    {
        "id": 136139,
        "name": "Bonito",
        "country": "ITA",
        "state": "72"
    },
    {
        "id": 136170,
        "name": "Borgo",
        "country": "ITA",
        "state": "72"
    },
    {
        "id": 136247,
        "name": "Boscoreale",
        "country": "ITA",
        "state": "72"
    },
    {
        "id": 136248,
        "name": "Boscotrecase",
        "country": "ITA",
        "state": "72"
    },
    {
        "id": 136282,
        "name": "Bracigliano",
        "country": "ITA",
        "state": "72"
    },
    {
        "id": 136322,
        "name": "Brezza",
        "country": "ITA",
        "state": "72"
    },
    {
        "id": 136375,
        "name": "Brusciano",
        "country": "ITA",
        "state": "72"
    },
    {
        "id": 136386,
        "name": "Bucciano",
        "country": "ITA",
        "state": "72"
    },
    {
        "id": 136388,
        "name": "Buccino",
        "country": "ITA",
        "state": "72"
    },
    {
        "id": 136405,
        "name": "Buonabitacolo",
        "country": "ITA",
        "state": "72"
    },
    {
        "id": 136406,
        "name": "Buonalbergo",
        "country": "ITA",
        "state": "72"
    },
    {
        "id": 136466,
        "name": "Caggiano",
        "country": "ITA",
        "state": "72"
    },
    {
        "id": 136474,
        "name": "Caianello",
        "country": "ITA",
        "state": "72"
    },
    {
        "id": 136475,
        "name": "Caiazzo",
        "country": "ITA",
        "state": "72"
    },
    {
        "id": 136481,
        "name": "Cairano",
        "country": "ITA",
        "state": "72"
    },
    {
        "id": 136484,
        "name": "Caivano",
        "country": "ITA",
        "state": "72"
    },
    {
        "id": 136486,
        "name": "Calabritto",
        "country": "ITA",
        "state": "72"
    },
    {
        "id": 136529,
        "name": "Calitri",
        "country": "ITA",
        "state": "72"
    },
    {
        "id": 136551,
        "name": "Calvanico",
        "country": "ITA",
        "state": "72"
    },
    {
        "id": 136557,
        "name": "Calvi",
        "country": "ITA",
        "state": "72"
    },
    {
        "id": 136558,
        "name": "Calvi Risorta",
        "country": "ITA",
        "state": "72"
    },
    {
        "id": 136564,
        "name": "Calvizzano",
        "country": "ITA",
        "state": "72"
    },
    {
        "id": 136585,
        "name": "Camerota",
        "country": "ITA",
        "state": "72"
    },
    {
        "id": 136586,
        "name": "Camigliano",
        "country": "ITA",
        "state": "72"
    },
    {
        "id": 136599,
        "name": "Campagna",
        "country": "ITA",
        "state": "72"
    },
    {
        "id": 136608,
        "name": "Campanarello",
        "country": "ITA",
        "state": "72"
    },
    {
        "id": 136658,
        "name": "Campolattaro",
        "country": "ITA",
        "state": "72"
    },
    {
        "id": 136661,
        "name": "Campoli del Monte Taburno",
        "country": "ITA",
        "state": "72"
    },
    {
        "id": 136672,
        "name": "Campora",
        "country": "ITA",
        "state": "72"
    },
    {
        "id": 136680,
        "name": "Camposano",
        "country": "ITA",
        "state": "72"
    },
    {
        "id": 136695,
        "name": "Cancello-Arnone",
        "country": "ITA",
        "state": "72"
    },
    {
        "id": 136703,
        "name": "Candida",
        "country": "ITA",
        "state": "72"
    },
    {
        "id": 136718,
        "name": "Cannalonga",
        "country": "ITA",
        "state": "72"
    },
    {
        "id": 136756,
        "name": "Capaccio",
        "country": "ITA",
        "state": "72"
    },
    {
        "id": 136757,
        "name": "Capaccio Scalo",
        "country": "ITA",
        "state": "72"
    },
    {
        "id": 136766,
        "name": "Capezzano Inferiore",
        "country": "ITA",
        "state": "72"
    },
    {
        "id": 136767,
        "name": "Capezzano-Cologna",
        "country": "ITA",
        "state": "72"
    },
    {
        "id": 136775,
        "name": "Capitignano",
        "country": "ITA",
        "state": "72"
    },
    {
        "id": 136782,
        "name": "Capodrise",
        "country": "ITA",
        "state": "72"
    },
    {
        "id": 136787,
        "name": "Caposele",
        "country": "ITA",
        "state": "72"
    },
    {
        "id": 136809,
        "name": "Capri",
        "country": "ITA",
        "state": "72"
    },
    {
        "id": 136816,
        "name": "Capriati A Volturno",
        "country": "ITA",
        "state": "72"
    },
    {
        "id": 136818,
        "name": "Capriglia",
        "country": "ITA",
        "state": "72"
    },
    {
        "id": 136819,
        "name": "Capriglia Irpina",
        "country": "ITA",
        "state": "72"
    },
    {
        "id": 136825,
        "name": "Capua",
        "country": "ITA",
        "state": "72"
    },
    {
        "id": 136832,
        "name": "Carano",
        "country": "ITA",
        "state": "72"
    },
    {
        "id": 136847,
        "name": "Carbonara di Nola",
        "country": "ITA",
        "state": "72"
    },
    {
        "id": 136862,
        "name": "Cardito",
        "country": "ITA",
        "state": "72"
    },
    {
        "id": 136875,
        "name": "Carife",
        "country": "ITA",
        "state": "72"
    },
    {
        "id": 136876,
        "name": "Carifi-Torello-Priscoli",
        "country": "ITA",
        "state": "72"
    },
    {
        "id": 136879,
        "name": "Carinaro",
        "country": "ITA",
        "state": "72"
    },
    {
        "id": 136881,
        "name": "Carinola",
        "country": "ITA",
        "state": "72"
    },
    {
        "id": 136956,
        "name": "Casagiove",
        "country": "ITA",
        "state": "72"
    },
    {
        "id": 136960,
        "name": "Casal di Principe",
        "country": "ITA",
        "state": "72"
    },
    {
        "id": 136959,
        "name": "Casal Velino",
        "country": "ITA",
        "state": "72"
    },
    {
        "id": 136966,
        "name": "Casalbore",
        "country": "ITA",
        "state": "72"
    },
    {
        "id": 136968,
        "name": "Casalbuono",
        "country": "ITA",
        "state": "72"
    },
    {
        "id": 136971,
        "name": "Casalduni",
        "country": "ITA",
        "state": "72"
    },
    {
        "id": 136972,
        "name": "Casale",
        "country": "ITA",
        "state": "72"
    },
    {
        "id": 136987,
        "name": "Casaletto Spartano",
        "country": "ITA",
        "state": "72"
    },
    {
        "id": 136994,
        "name": "Casali-San Potito",
        "country": "ITA",
        "state": "72"
    },
    {
        "id": 137004,
        "name": "Casalnuovo di Napoli",
        "country": "ITA",
        "state": "72"
    },
    {
        "id": 137009,
        "name": "Casaluce",
        "country": "ITA",
        "state": "72"
    },
    {
        "id": 137015,
        "name": "Casamarciano",
        "country": "ITA",
        "state": "72"
    },
    {
        "id": 137018,
        "name": "Casamicciola Terme",
        "country": "ITA",
        "state": "72"
    },
    {
        "id": 137019,
        "name": "Casandrino",
        "country": "ITA",
        "state": "72"
    },
    {
        "id": 137021,
        "name": "Casanova",
        "country": "ITA",
        "state": "72"
    },
    {
        "id": 137026,
        "name": "Casapesenna",
        "country": "ITA",
        "state": "72"
    },
    {
        "id": 137029,
        "name": "Casapulla",
        "country": "ITA",
        "state": "72"
    },
    {
        "id": 137031,
        "name": "Casarea",
        "country": "ITA",
        "state": "72"
    },
    {
        "id": 137041,
        "name": "Casavatore",
        "country": "ITA",
        "state": "72"
    },
    {
        "id": 137044,
        "name": "Cascano",
        "country": "ITA",
        "state": "72"
    },
    {
        "id": 137063,
        "name": "Caselle in Pittari",
        "country": "ITA",
        "state": "72"
    },
    {
        "id": 137065,
        "name": "Caserta",
        "country": "ITA",
        "state": "72"
    },
    {
        "id": 137077,
        "name": "Casola",
        "country": "ITA",
        "state": "72"
    },
    {
        "id": 137079,
        "name": "Casola di Napoli",
        "country": "ITA",
        "state": "72"
    },
    {
        "id": 137089,
        "name": "Casoria",
        "country": "ITA",
        "state": "72"
    },
    {
        "id": 137096,
        "name": "Cassano Irpino",
        "country": "ITA",
        "state": "72"
    },
    {
        "id": 137129,
        "name": "Castel Baronia",
        "country": "ITA",
        "state": "72"
    },
    {
        "id": 137132,
        "name": "Castel Campagnano",
        "country": "ITA",
        "state": "72"
    },
    {
        "id": 137174,
        "name": "Castel di Sasso",
        "country": "ITA",
        "state": "72"
    },
    {
        "id": 137146,
        "name": "Castel Morrone",
        "country": "ITA",
        "state": "72"
    },
    {
        "id": 137150,
        "name": "Castel San Giorgio",
        "country": "ITA",
        "state": "72"
    },
    {
        "id": 137152,
        "name": "Castel San Lorenzo",
        "country": "ITA",
        "state": "72"
    },
    {
        "id": 137161,
        "name": "Castel Volturno",
        "country": "ITA",
        "state": "72"
    },
    {
        "id": 137185,
        "name": "Castelcivita",
        "country": "ITA",
        "state": "72"
    },
    {
        "id": 137196,
        "name": "Castelfranci",
        "country": "ITA",
        "state": "72"
    },
    {
        "id": 137201,
        "name": "Castelfranco in Miscano",
        "country": "ITA",
        "state": "72"
    },
    {
        "id": 137213,
        "name": "Castellammare di Stabia",
        "country": "ITA",
        "state": "72"
    },
    {
        "id": 137257,
        "name": "Castello del Matese",
        "country": "ITA",
        "state": "72"
    },
    {
        "id": 137261,
        "name": "Castello di Cisterna",
        "country": "ITA",
        "state": "72"
    },
    {
        "id": 137288,
        "name": "Castelnuovo Cilento",
        "country": "ITA",
        "state": "72"
    },
    {
        "id": 137300,
        "name": "Castelnuovo di Conza",
        "country": "ITA",
        "state": "72"
    },
    {
        "id": 137305,
        "name": "Castelpagano",
        "country": "ITA",
        "state": "72"
    },
    {
        "id": 137309,
        "name": "Castelpoto",
        "country": "ITA",
        "state": "72"
    },
    {
        "id": 137324,
        "name": "Castelvenere",
        "country": "ITA",
        "state": "72"
    },
    {
        "id": 137327,
        "name": "Castelvetere in Val Fortore",
        "country": "ITA",
        "state": "72"
    },
    {
        "id": 137328,
        "name": "Castelvetere sul Calore",
        "country": "ITA",
        "state": "72"
    },
    {
        "id": 137352,
        "name": "Castiglione del Genovesi",
        "country": "ITA",
        "state": "72"
    },
    {
        "id": 137400,
        "name": "Cautano",
        "country": "ITA",
        "state": "72"
    },
    {
        "id": 137401,
        "name": "Cava Dè Tirreni",
        "country": "ITA",
        "state": "72"
    },
    {
        "id": 137475,
        "name": "Celle di Bulgheria",
        "country": "ITA",
        "state": "72"
    },
    {
        "id": 137482,
        "name": "Cellole",
        "country": "ITA",
        "state": "72"
    },
    {
        "id": 137499,
        "name": "Centola",
        "country": "ITA",
        "state": "72"
    },
    {
        "id": 137503,
        "name": "Centro Urbano",
        "country": "ITA",
        "state": "72"
    },
    {
        "id": 137508,
        "name": "Ceppaloni",
        "country": "ITA",
        "state": "72"
    },
    {
        "id": 137517,
        "name": "Ceraso",
        "country": "ITA",
        "state": "72"
    },
    {
        "id": 137528,
        "name": "Cercola",
        "country": "ITA",
        "state": "72"
    },
    {
        "id": 137566,
        "name": "Cerreto Sannita",
        "country": "ITA",
        "state": "72"
    },
    {
        "id": 137595,
        "name": "Cervinara",
        "country": "ITA",
        "state": "72"
    },
    {
        "id": 137596,
        "name": "Cervino",
        "country": "ITA",
        "state": "72"
    },
    {
        "id": 137600,
        "name": "Cesa",
        "country": "ITA",
        "state": "72"
    },
    {
        "id": 137613,
        "name": "Cesinali",
        "country": "ITA",
        "state": "72"
    },
    {
        "id": 137620,
        "name": "Cetara",
        "country": "ITA",
        "state": "72"
    },
    {
        "id": 137638,
        "name": "Chiaia",
        "country": "ITA",
        "state": "72"
    },
    {
        "id": 137639,
        "name": "Chiaiano",
        "country": "ITA",
        "state": "72"
    },
    {
        "id": 137642,
        "name": "Chianche",
        "country": "ITA",
        "state": "72"
    },
    {
        "id": 137693,
        "name": "Chiusano di San Domenico",
        "country": "ITA",
        "state": "72"
    },
    {
        "id": 137709,
        "name": "Cicciano",
        "country": "ITA",
        "state": "72"
    },
    {
        "id": 137710,
        "name": "Cicerale",
        "country": "ITA",
        "state": "72"
    },
    {
        "id": 137726,
        "name": "Cimitile",
        "country": "ITA",
        "state": "72"
    },
    {
        "id": 137743,
        "name": "Ciorlano",
        "country": "ITA",
        "state": "72"
    },
    {
        "id": 137746,
        "name": "Circello",
        "country": "ITA",
        "state": "72"
    },
    {
        "id": 137864,
        "name": "Colle Sannita",
        "country": "ITA",
        "state": "72"
    },
    {
        "id": 137902,
        "name": "Colliano",
        "country": "ITA",
        "state": "72"
    },
    {
        "id": 137944,
        "name": "Comiziano",
        "country": "ITA",
        "state": "72"
    },
    {
        "id": 137954,
        "name": "Conca dei Marini",
        "country": "ITA",
        "state": "72"
    },
    {
        "id": 137955,
        "name": "Conca della Campania",
        "country": "ITA",
        "state": "72"
    },
    {
        "id": 137979,
        "name": "Contrada",
        "country": "ITA",
        "state": "72"
    },
    {
        "id": 137981,
        "name": "Controne",
        "country": "ITA",
        "state": "72"
    },
    {
        "id": 137982,
        "name": "Contursi Terme",
        "country": "ITA",
        "state": "72"
    },
    {
        "id": 137985,
        "name": "Coperchia",
        "country": "ITA",
        "state": "72"
    },
    {
        "id": 137993,
        "name": "Corbara",
        "country": "ITA",
        "state": "72"
    },
    {
        "id": 138018,
        "name": "Corleto Monforte",
        "country": "ITA",
        "state": "72"
    },
    {
        "id": 138114,
        "name": "Country Park",
        "country": "ITA",
        "state": "72"
    },
    {
        "id": 138155,
        "name": "Crispano",
        "country": "ITA",
        "state": "72"
    },
    {
        "id": 138179,
        "name": "Cuccaro Vetere",
        "country": "ITA",
        "state": "72"
    },
    {
        "id": 138209,
        "name": "Curti",
        "country": "ITA",
        "state": "72"
    },
    {
        "id": 138212,
        "name": "Cusano Mutri",
        "country": "ITA",
        "state": "72"
    },
    {
        "id": 138290,
        "name": "Domicella",
        "country": "ITA",
        "state": "72"
    },
    {
        "id": 138325,
        "name": "Dragonea",
        "country": "ITA",
        "state": "72"
    },
    {
        "id": 138326,
        "name": "Dragoni",
        "country": "ITA",
        "state": "72"
    },
    {
        "id": 138340,
        "name": "Dugenta",
        "country": "ITA",
        "state": "72"
    },
    {
        "id": 138345,
        "name": "Durazzano",
        "country": "ITA",
        "state": "72"
    },
    {
        "id": 138348,
        "name": "Eboli",
        "country": "ITA",
        "state": "72"
    },
    {
        "id": 138372,
        "name": "Ercolano",
        "country": "ITA",
        "state": "72"
    },
    {
        "id": 138411,
        "name": "Faiano",
        "country": "ITA",
        "state": "72"
    },
    {
        "id": 138412,
        "name": "Faicchio",
        "country": "ITA",
        "state": "72"
    },
    {
        "id": 138414,
        "name": "Falciano del Massico",
        "country": "ITA",
        "state": "72"
    },
    {
        "id": 138444,
        "name": "Faraldo-Nocelleto",
        "country": "ITA",
        "state": "72"
    },
    {
        "id": 138470,
        "name": "Felitto",
        "country": "ITA",
        "state": "72"
    },
    {
        "id": 138545,
        "name": "Fisciano",
        "country": "ITA",
        "state": "72"
    },
    {
        "id": 138567,
        "name": "Flumeri",
        "country": "ITA",
        "state": "72"
    },
    {
        "id": 138573,
        "name": "Foglianise",
        "country": "ITA",
        "state": "72"
    },
    {
        "id": 138579,
        "name": "Foiano di Val Fortore",
        "country": "ITA",
        "state": "72"
    },
    {
        "id": 138595,
        "name": "Fontanarosa",
        "country": "ITA",
        "state": "72"
    },
    {
        "id": 138611,
        "name": "Fontegreca",
        "country": "ITA",
        "state": "72"
    },
    {
        "id": 138620,
        "name": "Forchia",
        "country": "ITA",
        "state": "72"
    },
    {
        "id": 138629,
        "name": "Forino",
        "country": "ITA",
        "state": "72"
    },
    {
        "id": 138630,
        "name": "Forio",
        "country": "ITA",
        "state": "72"
    },
    {
        "id": 138638,
        "name": "Formicola",
        "country": "ITA",
        "state": "72"
    },
    {
        "id": 138688,
        "name": "Fragneto L'Abate",
        "country": "ITA",
        "state": "72"
    },
    {
        "id": 138689,
        "name": "Fragneto Monforte",
        "country": "ITA",
        "state": "72"
    },
    {
        "id": 138701,
        "name": "Franche",
        "country": "ITA",
        "state": "72"
    },
    {
        "id": 138705,
        "name": "Francolise",
        "country": "ITA",
        "state": "72"
    },
    {
        "id": 138718,
        "name": "Frasso Telesino",
        "country": "ITA",
        "state": "72"
    },
    {
        "id": 138722,
        "name": "Frattamaggiore",
        "country": "ITA",
        "state": "72"
    },
    {
        "id": 138723,
        "name": "Frattaminore",
        "country": "ITA",
        "state": "72"
    },
    {
        "id": 138733,
        "name": "Frigento",
        "country": "ITA",
        "state": "72"
    },
    {
        "id": 138734,
        "name": "Frignano",
        "country": "ITA",
        "state": "72"
    },
    {
        "id": 138752,
        "name": "Fuorigrotta",
        "country": "ITA",
        "state": "72"
    },
    {
        "id": 138753,
        "name": "Fuorni",
        "country": "ITA",
        "state": "72"
    },
    {
        "id": 138758,
        "name": "Furore",
        "country": "ITA",
        "state": "72"
    },
    {
        "id": 138764,
        "name": "Futani",
        "country": "ITA",
        "state": "72"
    },
    {
        "id": 138816,
        "name": "Gallo",
        "country": "ITA",
        "state": "72"
    },
    {
        "id": 138817,
        "name": "Gallo Matese",
        "country": "ITA",
        "state": "72"
    },
    {
        "id": 138820,
        "name": "Galluccio",
        "country": "ITA",
        "state": "72"
    },
    {
        "id": 138928,
        "name": "Gesualdo",
        "country": "ITA",
        "state": "72"
    },
    {
        "id": 138942,
        "name": "Giano Vetusto",
        "country": "ITA",
        "state": "72"
    },
    {
        "id": 138957,
        "name": "Giffoni Valle Piana",
        "country": "ITA",
        "state": "72"
    },
    {
        "id": 138965,
        "name": "Ginestra degli Schiavoni",
        "country": "ITA",
        "state": "72"
    },
    {
        "id": 138967,
        "name": "Gioi",
        "country": "ITA",
        "state": "72"
    },
    {
        "id": 138968,
        "name": "Gioia Sannitica",
        "country": "ITA",
        "state": "72"
    },
    {
        "id": 138988,
        "name": "Giugliano in Campania",
        "country": "ITA",
        "state": "72"
    },
    {
        "id": 138995,
        "name": "Giungano",
        "country": "ITA",
        "state": "72"
    },
    {
        "id": 139056,
        "name": "Gragnano",
        "country": "ITA",
        "state": "72"
    },
    {
        "id": 139084,
        "name": "Grazzanise",
        "country": "ITA",
        "state": "72"
    },
    {
        "id": 139086,
        "name": "Greci",
        "country": "ITA",
        "state": "72"
    },
    {
        "id": 139096,
        "name": "Gricignano di Aversa",
        "country": "ITA",
        "state": "72"
    },
    {
        "id": 139122,
        "name": "Grottaminarda",
        "country": "ITA",
        "state": "72"
    },
    {
        "id": 139129,
        "name": "Grottola",
        "country": "ITA",
        "state": "72"
    },
    {
        "id": 139131,
        "name": "Grottolella",
        "country": "ITA",
        "state": "72"
    },
    {
        "id": 139140,
        "name": "Grumo Nevano",
        "country": "ITA",
        "state": "72"
    },
    {
        "id": 139159,
        "name": "Guardia Lombardi",
        "country": "ITA",
        "state": "72"
    },
    {
        "id": 139162,
        "name": "Guardia Sanframondi",
        "country": "ITA",
        "state": "72"
    },
    {
        "id": 139227,
        "name": "Ischia",
        "country": "ITA",
        "state": "72"
    },
    {
        "id": 139228,
        "name": "Ischia Porto",
        "country": "ITA",
        "state": "72"
    },
    {
        "id": 139258,
        "name": "Ispani",
        "country": "ITA",
        "state": "72"
    },
    {
        "id": 139313,
        "name": "Lacco Ameno",
        "country": "ITA",
        "state": "72"
    },
    {
        "id": 139314,
        "name": "Lacedonia",
        "country": "ITA",
        "state": "72"
    },
    {
        "id": 139355,
        "name": "Lancusi-Penta-Bolano",
        "country": "ITA",
        "state": "72"
    },
    {
        "id": 139364,
        "name": "Lanzara",
        "country": "ITA",
        "state": "72"
    },
    {
        "id": 139368,
        "name": "Lapio",
        "country": "ITA",
        "state": "72"
    },
    {
        "id": 139396,
        "name": "Laura",
        "country": "ITA",
        "state": "72"
    },
    {
        "id": 139397,
        "name": "Laureana Cilento",
        "country": "ITA",
        "state": "72"
    },
    {
        "id": 139404,
        "name": "Laurino",
        "country": "ITA",
        "state": "72"
    },
    {
        "id": 139405,
        "name": "Laurito",
        "country": "ITA",
        "state": "72"
    },
    {
        "id": 139406,
        "name": "Lauro",
        "country": "ITA",
        "state": "72"
    },
    {
        "id": 139415,
        "name": "Laviano",
        "country": "ITA",
        "state": "72"
    },
    {
        "id": 139476,
        "name": "Letino",
        "country": "ITA",
        "state": "72"
    },
    {
        "id": 139478,
        "name": "Lettere",
        "country": "ITA",
        "state": "72"
    },
    {
        "id": 139492,
        "name": "Liberi",
        "country": "ITA",
        "state": "72"
    },
    {
        "id": 139497,
        "name": "Licinella-Torre di Paestum",
        "country": "ITA",
        "state": "72"
    },
    {
        "id": 139499,
        "name": "Licusati",
        "country": "ITA",
        "state": "72"
    },
    {
        "id": 139516,
        "name": "Limatola",
        "country": "ITA",
        "state": "72"
    },
    {
        "id": 139532,
        "name": "Lioni",
        "country": "ITA",
        "state": "72"
    },
    {
        "id": 139546,
        "name": "Liveri",
        "country": "ITA",
        "state": "72"
    },
    {
        "id": 139662,
        "name": "Luogosano",
        "country": "ITA",
        "state": "72"
    },
    {
        "id": 139670,
        "name": "Lusciano",
        "country": "ITA",
        "state": "72"
    },
    {
        "id": 139679,
        "name": "Lustra",
        "country": "ITA",
        "state": "72"
    },
    {
        "id": 139683,
        "name": "Luzzano",
        "country": "ITA",
        "state": "72"
    },
    {
        "id": 139690,
        "name": "Macchia",
        "country": "ITA",
        "state": "72"
    },
    {
        "id": 139694,
        "name": "Maccoli-Perrillo",
        "country": "ITA",
        "state": "72"
    },
    {
        "id": 139697,
        "name": "Macerata Campania",
        "country": "ITA",
        "state": "72"
    },
    {
        "id": 139706,
        "name": "Maddaloni",
        "country": "ITA",
        "state": "72"
    },
    {
        "id": 139728,
        "name": "Magliano Vetere",
        "country": "ITA",
        "state": "72"
    },
    {
        "id": 139749,
        "name": "Maiori",
        "country": "ITA",
        "state": "72"
    },
    {
        "id": 139759,
        "name": "Malche-Santa Croce-Serroni",
        "country": "ITA",
        "state": "72"
    },
    {
        "id": 139801,
        "name": "Manocalzati",
        "country": "ITA",
        "state": "72"
    },
    {
        "id": 139827,
        "name": "Marano di Napoli",
        "country": "ITA",
        "state": "72"
    },
    {
        "id": 139847,
        "name": "Marcianise",
        "country": "ITA",
        "state": "72"
    },
    {
        "id": 139870,
        "name": "Mariglianella",
        "country": "ITA",
        "state": "72"
    },
    {
        "id": 139871,
        "name": "Marigliano",
        "country": "ITA",
        "state": "72"
    },
    {
        "id": 139878,
        "name": "Marina di Camerota",
        "country": "ITA",
        "state": "72"
    },
    {
        "id": 139882,
        "name": "Marina di Casal Velino",
        "country": "ITA",
        "state": "72"
    },
    {
        "id": 139944,
        "name": "Marzanello",
        "country": "ITA",
        "state": "72"
    },
    {
        "id": 139946,
        "name": "Marzano Appio",
        "country": "ITA",
        "state": "72"
    },
    {
        "id": 139947,
        "name": "Marzano di Nola",
        "country": "ITA",
        "state": "72"
    },
    {
        "id": 139976,
        "name": "Massa di Somma",
        "country": "ITA",
        "state": "72"
    },
    {
        "id": 139972,
        "name": "Massa Lubrense",
        "country": "ITA",
        "state": "72"
    },
    {
        "id": 139985,
        "name": "Masseria Vecchia Ovest",
        "country": "ITA",
        "state": "72"
    },
    {
        "id": 139996,
        "name": "Matinella",
        "country": "ITA",
        "state": "72"
    },
    {
        "id": 140051,
        "name": "Melito di Napoli",
        "country": "ITA",
        "state": "72"
    },
    {
        "id": 140050,
        "name": "Melito Irpino",
        "country": "ITA",
        "state": "72"
    },
    {
        "id": 140053,
        "name": "Melizzano",
        "country": "ITA",
        "state": "72"
    },
    {
        "id": 140076,
        "name": "Mercato",
        "country": "ITA",
        "state": "72"
    },
    {
        "id": 140077,
        "name": "Mercato San Severino",
        "country": "ITA",
        "state": "72"
    },
    {
        "id": 140081,
        "name": "Mercogliano",
        "country": "ITA",
        "state": "72"
    },
    {
        "id": 140101,
        "name": "Meta",
        "country": "ITA",
        "state": "72"
    },
    {
        "id": 140127,
        "name": "Miano",
        "country": "ITA",
        "state": "72"
    },
    {
        "id": 140141,
        "name": "Mignano Monte Lungo",
        "country": "ITA",
        "state": "72"
    },
    {
        "id": 140161,
        "name": "Minori",
        "country": "ITA",
        "state": "72"
    },
    {
        "id": 140167,
        "name": "Mirabella Eclano",
        "country": "ITA",
        "state": "72"
    },
    {
        "id": 140202,
        "name": "Moiano",
        "country": "ITA",
        "state": "72"
    },
    {
        "id": 140207,
        "name": "Moio della Civitella-Pellare",
        "country": "ITA",
        "state": "72"
    },
    {
        "id": 140216,
        "name": "Molinara",
        "country": "ITA",
        "state": "72"
    },
    {
        "id": 140276,
        "name": "Mondragone",
        "country": "ITA",
        "state": "72"
    },
    {
        "id": 140313,
        "name": "Montaguto",
        "country": "ITA",
        "state": "72"
    },
    {
        "id": 140343,
        "name": "Montano Antilia",
        "country": "ITA",
        "state": "72"
    },
    {
        "id": 140385,
        "name": "Monte di Procida",
        "country": "ITA",
        "state": "72"
    },
    {
        "id": 140369,
        "name": "Monte San Giacomo",
        "country": "ITA",
        "state": "72"
    },
    {
        "id": 140395,
        "name": "Montecalvario",
        "country": "ITA",
        "state": "72"
    },
    {
        "id": 140396,
        "name": "Montecalvo Irpino",
        "country": "ITA",
        "state": "72"
    },
    {
        "id": 140420,
        "name": "Montecorice",
        "country": "ITA",
        "state": "72"
    },
    {
        "id": 140421,
        "name": "Montecorvino Pugliano",
        "country": "ITA",
        "state": "72"
    },
    {
        "id": 140422,
        "name": "Montecorvino Rovella",
        "country": "ITA",
        "state": "72"
    },
    {
        "id": 140426,
        "name": "Montedecoro",
        "country": "ITA",
        "state": "72"
    },
    {
        "id": 140429,
        "name": "Montefalcione",
        "country": "ITA",
        "state": "72"
    },
    {
        "id": 140432,
        "name": "Montefalcone di Val Fortore",
        "country": "ITA",
        "state": "72"
    },
    {
        "id": 140443,
        "name": "Monteforte Cilento",
        "country": "ITA",
        "state": "72"
    },
    {
        "id": 140444,
        "name": "Monteforte Irpino",
        "country": "ITA",
        "state": "72"
    },
    {
        "id": 140448,
        "name": "Montefredane",
        "country": "ITA",
        "state": "72"
    },
    {
        "id": 140449,
        "name": "Montefusco",
        "country": "ITA",
        "state": "72"
    },
    {
        "id": 140476,
        "name": "Montella",
        "country": "ITA",
        "state": "72"
    },
    {
        "id": 140487,
        "name": "Montemarano",
        "country": "ITA",
        "state": "72"
    },
    {
        "id": 140494,
        "name": "Montemiletto",
        "country": "ITA",
        "state": "72"
    },
    {
        "id": 140529,
        "name": "Monterusciello",
        "country": "ITA",
        "state": "72"
    },
    {
        "id": 140531,
        "name": "Montesano sulla Marcellana",
        "country": "ITA",
        "state": "72"
    },
    {
        "id": 140532,
        "name": "Montesarchio",
        "country": "ITA",
        "state": "72"
    },
    {
        "id": 140549,
        "name": "Monteverde",
        "country": "ITA",
        "state": "72"
    },
    {
        "id": 140558,
        "name": "Monticelli",
        "country": "ITA",
        "state": "72"
    },
    {
        "id": 140587,
        "name": "Montoro Superiore",
        "country": "ITA",
        "state": "72"
    },
    {
        "id": 140606,
        "name": "Morcone",
        "country": "ITA",
        "state": "72"
    },
    {
        "id": 140618,
        "name": "Morigerati",
        "country": "ITA",
        "state": "72"
    },
    {
        "id": 140631,
        "name": "Morra de Sanctis",
        "country": "ITA",
        "state": "72"
    },
    {
        "id": 140645,
        "name": "Moschiano",
        "country": "ITA",
        "state": "72"
    },
    {
        "id": 140679,
        "name": "Mugnano del Cardinale",
        "country": "ITA",
        "state": "72"
    },
    {
        "id": 140680,
        "name": "Mugnano di Napoli",
        "country": "ITA",
        "state": "72"
    },
    {
        "id": 140697,
        "name": "Musci",
        "country": "ITA",
        "state": "72"
    },
    {
        "id": 140713,
        "name": "Naples",
        "country": "ITA",
        "state": "72"
    },
    {
        "id": 140714,
        "name": "Napoli",
        "country": "ITA",
        "state": "72"
    },
    {
        "id": 140781,
        "name": "Nocelleto",
        "country": "ITA",
        "state": "72"
    },
    {
        "id": 140782,
        "name": "Nocera Inferiore",
        "country": "ITA",
        "state": "72"
    },
    {
        "id": 140784,
        "name": "Nocera Superiore",
        "country": "ITA",
        "state": "72"
    },
    {
        "id": 140797,
        "name": "Nola",
        "country": "ITA",
        "state": "72"
    },
    {
        "id": 140836,
        "name": "Novi Velia",
        "country": "ITA",
        "state": "72"
    },
    {
        "id": 140850,
        "name": "Nuova Conza della Campania",
        "country": "ITA",
        "state": "72"
    },
    {
        "id": 140861,
        "name": "Nusco",
        "country": "ITA",
        "state": "72"
    },
    {
        "id": 140883,
        "name": "Ogliastro Cilento",
        "country": "ITA",
        "state": "72"
    },
    {
        "id": 140891,
        "name": "Olevano sul Tusciano",
        "country": "ITA",
        "state": "72"
    },
    {
        "id": 140901,
        "name": "Oliveto Citra",
        "country": "ITA",
        "state": "72"
    },
    {
        "id": 140919,
        "name": "Omignano",
        "country": "ITA",
        "state": "72"
    },
    {
        "id": 140968,
        "name": "Orria",
        "country": "ITA",
        "state": "72"
    },
    {
        "id": 140979,
        "name": "Orta di Atella",
        "country": "ITA",
        "state": "72"
    },
    {
        "id": 141020,
        "name": "Ospedaletto d'Alpinolo",
        "country": "ITA",
        "state": "72"
    },
    {
        "id": 141048,
        "name": "Ottati",
        "country": "ITA",
        "state": "72"
    },
    {
        "id": 141050,
        "name": "Ottaviano",
        "country": "ITA",
        "state": "72"
    },
    {
        "id": 141088,
        "name": "Padula",
        "country": "ITA",
        "state": "72"
    },
    {
        "id": 141090,
        "name": "Paduli",
        "country": "ITA",
        "state": "72"
    },
    {
        "id": 141094,
        "name": "Pagani",
        "country": "ITA",
        "state": "72"
    },
    {
        "id": 58208,
        "name": "Pagliarone",
        "country": "ITA",
        "state": "72"
    },
    {
        "id": 58214,
        "name": "Pago del Vallo di Lauro",
        "country": "ITA",
        "state": "72"
    },
    {
        "id": 58213,
        "name": "Pago Veiano",
        "country": "ITA",
        "state": "72"
    },
    {
        "id": 58245,
        "name": "Palinuro",
        "country": "ITA",
        "state": "72"
    },
    {
        "id": 58253,
        "name": "Palma Campania",
        "country": "ITA",
        "state": "72"
    },
    {
        "id": 58265,
        "name": "Palomonte",
        "country": "ITA",
        "state": "72"
    },
    {
        "id": 58281,
        "name": "Pannarano",
        "country": "ITA",
        "state": "72"
    },
    {
        "id": 58288,
        "name": "Paolisi",
        "country": "ITA",
        "state": "72"
    },
    {
        "id": 58303,
        "name": "Parete",
        "country": "ITA",
        "state": "72"
    },
    {
        "id": 58311,
        "name": "Parolise",
        "country": "ITA",
        "state": "72"
    },
    {
        "id": 58321,
        "name": "Pascarola",
        "country": "ITA",
        "state": "72"
    },
    {
        "id": 58332,
        "name": "Passo di Mirabella-Pianopantano",
        "country": "ITA",
        "state": "72"
    },
    {
        "id": 58339,
        "name": "Pastorano",
        "country": "ITA",
        "state": "72"
    },
    {
        "id": 58345,
        "name": "Paternopoli",
        "country": "ITA",
        "state": "72"
    },
    {
        "id": 58357,
        "name": "Paupisi",
        "country": "ITA",
        "state": "72"
    },
    {
        "id": 58395,
        "name": "Pellezzano",
        "country": "ITA",
        "state": "72"
    },
    {
        "id": 58400,
        "name": "Pendino",
        "country": "ITA",
        "state": "72"
    },
    {
        "id": 58418,
        "name": "Perdifumo",
        "country": "ITA",
        "state": "72"
    },
    {
        "id": 58426,
        "name": "Perito",
        "country": "ITA",
        "state": "72"
    },
    {
        "id": 58444,
        "name": "Pertosa",
        "country": "ITA",
        "state": "72"
    },
    {
        "id": 58460,
        "name": "Pesco Sannita",
        "country": "ITA",
        "state": "72"
    },
    {
        "id": 58475,
        "name": "Petina",
        "country": "ITA",
        "state": "72"
    },
    {
        "id": 58488,
        "name": "Petruro Irpino",
        "country": "ITA",
        "state": "72"
    },
    {
        "id": 58498,
        "name": "Pezzano-Filetta",
        "country": "ITA",
        "state": "72"
    },
    {
        "id": 58506,
        "name": "Piaggine",
        "country": "ITA",
        "state": "72"
    },
    {
        "id": 58515,
        "name": "Piana di Monte Verna",
        "country": "ITA",
        "state": "72"
    },
    {
        "id": 58536,
        "name": "Pianillo",
        "country": "ITA",
        "state": "72"
    },
    {
        "id": 58537,
        "name": "Piano",
        "country": "ITA",
        "state": "72"
    },
    {
        "id": 58545,
        "name": "Piano di Sorrento",
        "country": "ITA",
        "state": "72"
    },
    {
        "id": 58553,
        "name": "Pianura",
        "country": "ITA",
        "state": "72"
    },
    {
        "id": 58570,
        "name": "Piazza del Galdo-Sant'Angelo",
        "country": "ITA",
        "state": "72"
    },
    {
        "id": 58571,
        "name": "Piazza di Pandola",
        "country": "ITA",
        "state": "72"
    },
    {
        "id": 58568,
        "name": "Piazza Roma",
        "country": "ITA",
        "state": "72"
    },
    {
        "id": 58572,
        "name": "Piazza-Tralia-Pendolo",
        "country": "ITA",
        "state": "72"
    },
    {
        "id": 58574,
        "name": "Piazzola",
        "country": "ITA",
        "state": "72"
    },
    {
        "id": 58576,
        "name": "Piazzolla",
        "country": "ITA",
        "state": "72"
    },
    {
        "id": 58588,
        "name": "Piedimonte",
        "country": "ITA",
        "state": "72"
    },
    {
        "id": 58590,
        "name": "Piedimonte Matese",
        "country": "ITA",
        "state": "72"
    },
    {
        "id": 58596,
        "name": "Piegolelle-San Bartolomeo",
        "country": "ITA",
        "state": "72"
    },
    {
        "id": 58611,
        "name": "Pietradefusi",
        "country": "ITA",
        "state": "72"
    },
    {
        "id": 58616,
        "name": "Pietramelara",
        "country": "ITA",
        "state": "72"
    },
    {
        "id": 58624,
        "name": "Pietraroja",
        "country": "ITA",
        "state": "72"
    },
    {
        "id": 58626,
        "name": "Pietrastornina",
        "country": "ITA",
        "state": "72"
    },
    {
        "id": 58627,
        "name": "Pietravairano",
        "country": "ITA",
        "state": "72"
    },
    {
        "id": 58628,
        "name": "Pietre",
        "country": "ITA",
        "state": "72"
    },
    {
        "id": 58629,
        "name": "Pietrelcina",
        "country": "ITA",
        "state": "72"
    },
    {
        "id": 58662,
        "name": "Pignataro Maggiore",
        "country": "ITA",
        "state": "72"
    },
    {
        "id": 58670,
        "name": "Pimonte",
        "country": "ITA",
        "state": "72"
    },
    {
        "id": 58706,
        "name": "Piscinola",
        "country": "ITA",
        "state": "72"
    },
    {
        "id": 58707,
        "name": "Pisciotta",
        "country": "ITA",
        "state": "72"
    },
    {
        "id": 58769,
        "name": "Poggiomarino",
        "country": "ITA",
        "state": "72"
    },
    {
        "id": 58770,
        "name": "Poggioreale",
        "country": "ITA",
        "state": "72"
    },
    {
        "id": 58788,
        "name": "Policastro Bussentino",
        "country": "ITA",
        "state": "72"
    },
    {
        "id": 58795,
        "name": "Polla",
        "country": "ITA",
        "state": "72"
    },
    {
        "id": 58797,
        "name": "Pollena Trocchia",
        "country": "ITA",
        "state": "72"
    },
    {
        "id": 58799,
        "name": "Pollica",
        "country": "ITA",
        "state": "72"
    },
    {
        "id": 58807,
        "name": "Polvica",
        "country": "ITA",
        "state": "72"
    },
    {
        "id": 58816,
        "name": "Pomigliano d'Arco",
        "country": "ITA",
        "state": "72"
    },
    {
        "id": 58817,
        "name": "Pompei",
        "country": "ITA",
        "state": "72"
    },
    {
        "id": 58832,
        "name": "Ponte",
        "country": "ITA",
        "state": "72"
    },
    {
        "id": 58863,
        "name": "Pontecagnano",
        "country": "ITA",
        "state": "72"
    },
    {
        "id": 58871,
        "name": "Pontelandolfo",
        "country": "ITA",
        "state": "72"
    },
    {
        "id": 58873,
        "name": "Pontelatone",
        "country": "ITA",
        "state": "72"
    },
    {
        "id": 58885,
        "name": "Ponticelli",
        "country": "ITA",
        "state": "72"
    },
    {
        "id": 58917,
        "name": "Portici",
        "country": "ITA",
        "state": "72"
    },
    {
        "id": 58918,
        "name": "Portico di Caserta",
        "country": "ITA",
        "state": "72"
    },
    {
        "id": 58922,
        "name": "Porto",
        "country": "ITA",
        "state": "72"
    },
    {
        "id": 58954,
        "name": "Posillipo",
        "country": "ITA",
        "state": "72"
    },
    {
        "id": 58956,
        "name": "Positano",
        "country": "ITA",
        "state": "72"
    },
    {
        "id": 58962,
        "name": "Postiglione",
        "country": "ITA",
        "state": "72"
    },
    {
        "id": 58981,
        "name": "Pozzillo",
        "country": "ITA",
        "state": "72"
    },
    {
        "id": 58989,
        "name": "Pozzuoli",
        "country": "ITA",
        "state": "72"
    },
    {
        "id": 58999,
        "name": "Praiano",
        "country": "ITA",
        "state": "72"
    },
    {
        "id": 59017,
        "name": "Prata di Principato Ultra",
        "country": "ITA",
        "state": "72"
    },
    {
        "id": 59014,
        "name": "Prata Sannita Centro",
        "country": "ITA",
        "state": "72"
    },
    {
        "id": 59019,
        "name": "Pratella",
        "country": "ITA",
        "state": "72"
    },
    {
        "id": 59030,
        "name": "Prato Perillo",
        "country": "ITA",
        "state": "72"
    },
    {
        "id": 59034,
        "name": "Pratola Serra",
        "country": "ITA",
        "state": "72"
    },
    {
        "id": 59035,
        "name": "Pratole",
        "country": "ITA",
        "state": "72"
    },
    {
        "id": 59062,
        "name": "Prepezzano",
        "country": "ITA",
        "state": "72"
    },
    {
        "id": 59065,
        "name": "Presenzano",
        "country": "ITA",
        "state": "72"
    },
    {
        "id": 59076,
        "name": "Prignano Cilento",
        "country": "ITA",
        "state": "72"
    },
    {
        "id": 59086,
        "name": "Procida",
        "country": "ITA",
        "state": "72"
    },
    {
        "id": 59111,
        "name": "Provincia di Avellino",
        "country": "ITA",
        "state": "72"
    },
    {
        "id": 59114,
        "name": "Provincia di Benevento",
        "country": "ITA",
        "state": "72"
    },
    {
        "id": 59122,
        "name": "Provincia di Caserta",
        "country": "ITA",
        "state": "72"
    },
    {
        "id": 59172,
        "name": "Provincia di Salerno",
        "country": "ITA",
        "state": "72"
    },
    {
        "id": 59196,
        "name": "Puglianello",
        "country": "ITA",
        "state": "72"
    },
    {
        "id": 59197,
        "name": "Pugliano",
        "country": "ITA",
        "state": "72"
    },
    {
        "id": 59211,
        "name": "Quadrelle",
        "country": "ITA",
        "state": "72"
    },
    {
        "id": 59213,
        "name": "Quadrivio",
        "country": "ITA",
        "state": "72"
    },
    {
        "id": 59215,
        "name": "Qualiano",
        "country": "ITA",
        "state": "72"
    },
    {
        "id": 59228,
        "name": "Quarto",
        "country": "ITA",
        "state": "72"
    },
    {
        "id": 59245,
        "name": "Quindici",
        "country": "ITA",
        "state": "72"
    },
    {
        "id": 59298,
        "name": "Ravello",
        "country": "ITA",
        "state": "72"
    },
    {
        "id": 59302,
        "name": "Raviscanina",
        "country": "ITA",
        "state": "72"
    },
    {
        "id": 59309,
        "name": "Recale",
        "country": "ITA",
        "state": "72"
    },
    {
        "id": 59325,
        "name": "Reino",
        "country": "ITA",
        "state": "72"
    },
    {
        "id": 59339,
        "name": "Rettifilo-Vannullo",
        "country": "ITA",
        "state": "72"
    },
    {
        "id": 59358,
        "name": "Riardo",
        "country": "ITA",
        "state": "72"
    },
    {
        "id": 59370,
        "name": "Ricigliano",
        "country": "ITA",
        "state": "72"
    },
    {
        "id": 59477,
        "name": "Rocca San Felice",
        "country": "ITA",
        "state": "72"
    },
    {
        "id": 59490,
        "name": "Roccabascerana",
        "country": "ITA",
        "state": "72"
    },
    {
        "id": 59495,
        "name": "Roccadaspide",
        "country": "ITA",
        "state": "72"
    },
    {
        "id": 59503,
        "name": "Roccagloriosa",
        "country": "ITA",
        "state": "72"
    },
    {
        "id": 59509,
        "name": "Roccamonfina",
        "country": "ITA",
        "state": "72"
    },
    {
        "id": 59514,
        "name": "Roccapiemonte",
        "country": "ITA",
        "state": "72"
    },
    {
        "id": 59515,
        "name": "Roccarainola",
        "country": "ITA",
        "state": "72"
    },
    {
        "id": 59517,
        "name": "Roccaromana",
        "country": "ITA",
        "state": "72"
    },
    {
        "id": 59535,
        "name": "Rocchetta",
        "country": "ITA",
        "state": "72"
    },
    {
        "id": 59556,
        "name": "Rofrano",
        "country": "ITA",
        "state": "72"
    },
    {
        "id": 59631,
        "name": "Roscigno",
        "country": "ITA",
        "state": "72"
    },
    {
        "id": 59661,
        "name": "Rotondi",
        "country": "ITA",
        "state": "72"
    },
    {
        "id": 59706,
        "name": "Rutino",
        "country": "ITA",
        "state": "72"
    },
    {
        "id": 59707,
        "name": "Ruviano",
        "country": "ITA",
        "state": "72"
    },
    {
        "id": 59717,
        "name": "Sacco",
        "country": "ITA",
        "state": "72"
    },
    {
        "id": 59738,
        "name": "Sala",
        "country": "ITA",
        "state": "72"
    },
    {
        "id": 59743,
        "name": "Sala Consilina",
        "country": "ITA",
        "state": "72"
    },
    {
        "id": 59759,
        "name": "Salento",
        "country": "ITA",
        "state": "72"
    },
    {
        "id": 59762,
        "name": "Salerno",
        "country": "ITA",
        "state": "72"
    },
    {
        "id": 59775,
        "name": "Salitto-Valle",
        "country": "ITA",
        "state": "72"
    },
    {
        "id": 59791,
        "name": "Salvitelle",
        "country": "ITA",
        "state": "72"
    },
    {
        "id": 59793,
        "name": "Salza Irpina",
        "country": "ITA",
        "state": "72"
    },
    {
        "id": 59822,
        "name": "San Bartolomeo in Galdo",
        "country": "ITA",
        "state": "72"
    },
    {
        "id": 59854,
        "name": "San Carlo All'Arena",
        "country": "ITA",
        "state": "72"
    },
    {
        "id": 59861,
        "name": "San Castrese",
        "country": "ITA",
        "state": "72"
    },
    {
        "id": 59871,
        "name": "San Cipriano d'Aversa",
        "country": "ITA",
        "state": "72"
    },
    {
        "id": 59869,
        "name": "San Cipriano Picentino",
        "country": "ITA",
        "state": "72"
    },
    {
        "id": 59875,
        "name": "San Clemente",
        "country": "ITA",
        "state": "72"
    },
    {
        "id": 59908,
        "name": "San Felice A Cancello",
        "country": "ITA",
        "state": "72"
    },
    {
        "id": 59914,
        "name": "San Ferdinando",
        "country": "ITA",
        "state": "72"
    },
    {
        "id": 59935,
        "name": "San Gennaro Vesuviano",
        "country": "ITA",
        "state": "72"
    },
    {
        "id": 59952,
        "name": "San Giorgio",
        "country": "ITA",
        "state": "72"
    },
    {
        "id": 59963,
        "name": "San Giorgio a Cremano",
        "country": "ITA",
        "state": "72"
    },
    {
        "id": 59966,
        "name": "San Giorgio del Sannio",
        "country": "ITA",
        "state": "72"
    },
    {
        "id": 59976,
        "name": "San Giorgio la Molara",
        "country": "ITA",
        "state": "72"
    },
    {
        "id": 59981,
        "name": "San Giovanni A Piro",
        "country": "ITA",
        "state": "72"
    },
    {
        "id": 59991,
        "name": "San Giovanni a Teduccio",
        "country": "ITA",
        "state": "72"
    },
    {
        "id": 60011,
        "name": "San Giuseppe",
        "country": "ITA",
        "state": "72"
    },
    {
        "id": 60013,
        "name": "San Giuseppe Vesuviano",
        "country": "ITA",
        "state": "72"
    },
    {
        "id": 60020,
        "name": "San Gregorio Magno",
        "country": "ITA",
        "state": "72"
    },
    {
        "id": 60021,
        "name": "San Gregorio Matese",
        "country": "ITA",
        "state": "72"
    },
    {
        "id": 60033,
        "name": "San Leucio del Sannio-Cavuoti",
        "country": "ITA",
        "state": "72"
    },
    {
        "id": 60035,
        "name": "San Lorenzello",
        "country": "ITA",
        "state": "72"
    },
    {
        "id": 60038,
        "name": "San Lorenzo",
        "country": "ITA",
        "state": "72"
    },
    {
        "id": 60042,
        "name": "San Lorenzo Maggiore",
        "country": "ITA",
        "state": "72"
    },
    {
        "id": 60052,
        "name": "San Lupo",
        "country": "ITA",
        "state": "72"
    },
    {
        "id": 60054,
        "name": "San Mango Piemonte",
        "country": "ITA",
        "state": "72"
    },
    {
        "id": 60056,
        "name": "San Mango sul Calore",
        "country": "ITA",
        "state": "72"
    },
    {
        "id": 60057,
        "name": "San Marcellino",
        "country": "ITA",
        "state": "72"
    },
    {
        "id": 60060,
        "name": "San Marco",
        "country": "ITA",
        "state": "72"
    },
    {
        "id": 60064,
        "name": "San Marco dei Cavoti",
        "country": "ITA",
        "state": "72"
    },
    {
        "id": 60062,
        "name": "San Marco Evangelista",
        "country": "ITA",
        "state": "72"
    },
    {
        "id": 60076,
        "name": "San Martino Sannita",
        "country": "ITA",
        "state": "72"
    },
    {
        "id": 60078,
        "name": "San Martino Valle Caudina",
        "country": "ITA",
        "state": "72"
    },
    {
        "id": 60100,
        "name": "San Marzano sul Sarno",
        "country": "ITA",
        "state": "72"
    },
    {
        "id": 60106,
        "name": "San Mauro Cilento",
        "country": "ITA",
        "state": "72"
    },
    {
        "id": 60113,
        "name": "San Mauro la Bruca",
        "country": "ITA",
        "state": "72"
    },
    {
        "id": 60116,
        "name": "San Michele",
        "country": "ITA",
        "state": "72"
    },
    {
        "id": 60125,
        "name": "San Michele di Serino",
        "country": "ITA",
        "state": "72"
    },
    {
        "id": 60130,
        "name": "San Nazzaro",
        "country": "ITA",
        "state": "72"
    },
    {
        "id": 60138,
        "name": "San Nicola Baronia",
        "country": "ITA",
        "state": "72"
    },
    {
        "id": 60142,
        "name": "San Nicola la Strada",
        "country": "ITA",
        "state": "72"
    },
    {
        "id": 60139,
        "name": "San Nicola Manfredi",
        "country": "ITA",
        "state": "72"
    },
    {
        "id": 60158,
        "name": "San Paolo Bel Sito",
        "country": "ITA",
        "state": "72"
    },
    {
        "id": 60172,
        "name": "San Pietro",
        "country": "ITA",
        "state": "72"
    },
    {
        "id": 60187,
        "name": "San Pietro a Patierno",
        "country": "ITA",
        "state": "72"
    },
    {
        "id": 60189,
        "name": "San Pietro al Tanagro",
        "country": "ITA",
        "state": "72"
    },
    {
        "id": 60179,
        "name": "San Pietro Infine",
        "country": "ITA",
        "state": "72"
    },
    {
        "id": 60211,
        "name": "San Potito Sannitico",
        "country": "ITA",
        "state": "72"
    },
    {
        "id": 60212,
        "name": "San Potito Ultra",
        "country": "ITA",
        "state": "72"
    },
    {
        "id": 60213,
        "name": "San Prisco",
        "country": "ITA",
        "state": "72"
    },
    {
        "id": 60229,
        "name": "San Rufo",
        "country": "ITA",
        "state": "72"
    },
    {
        "id": 60232,
        "name": "San Salvatore Telesino",
        "country": "ITA",
        "state": "72"
    },
    {
        "id": 60237,
        "name": "San Sebastiano al Vesuvio",
        "country": "ITA",
        "state": "72"
    },
    {
        "id": 60246,
        "name": "San Sossio Baronia",
        "country": "ITA",
        "state": "72"
    },
    {
        "id": 60251,
        "name": "San Tammaro",
        "country": "ITA",
        "state": "72"
    },
    {
        "id": 60258,
        "name": "San Valentino Torio",
        "country": "ITA",
        "state": "72"
    },
    {
        "id": 60271,
        "name": "San Vitaliano",
        "country": "ITA",
        "state": "72"
    },
    {
        "id": 60320,
        "name": "Sant'Agata de'Goti",
        "country": "ITA",
        "state": "72"
    },
    {
        "id": 60325,
        "name": "Sant'Agata sui Due Golfi",
        "country": "ITA",
        "state": "72"
    },
    {
        "id": 60327,
        "name": "Sant'Agnello",
        "country": "ITA",
        "state": "72"
    },
    {
        "id": 60340,
        "name": "Sant'Anastasia",
        "country": "ITA",
        "state": "72"
    },
    {
        "id": 60348,
        "name": "Sant'Andrea di Conza",
        "country": "ITA",
        "state": "72"
    },
    {
        "id": 60350,
        "name": "Sant'Andrea-Pizzone-Ciamprisco",
        "country": "ITA",
        "state": "72"
    },
    {
        "id": 60352,
        "name": "Sant'Angelo",
        "country": "ITA",
        "state": "72"
    },
    {
        "id": 60353,
        "name": "Sant'Angelo A Cupolo",
        "country": "ITA",
        "state": "72"
    },
    {
        "id": 60354,
        "name": "Sant'Angelo A Fasanella",
        "country": "ITA",
        "state": "72"
    },
    {
        "id": 60355,
        "name": "Sant'Angelo A Scala",
        "country": "ITA",
        "state": "72"
    },
    {
        "id": 60356,
        "name": "Sant'Angelo All'Esca",
        "country": "ITA",
        "state": "72"
    },
    {
        "id": 60362,
        "name": "Sant'Angelo d'Alife",
        "country": "ITA",
        "state": "72"
    },
    {
        "id": 60363,
        "name": "Sant'Angelo dei Lombardi",
        "country": "ITA",
        "state": "72"
    },
    {
        "id": 60367,
        "name": "Sant'Angelo in Formis",
        "country": "ITA",
        "state": "72"
    },
    {
        "id": 60376,
        "name": "Sant'Antimo",
        "country": "ITA",
        "state": "72"
    },
    {
        "id": 60380,
        "name": "Sant'Antonio",
        "country": "ITA",
        "state": "72"
    },
    {
        "id": 60383,
        "name": "Sant'Antonio Abate",
        "country": "ITA",
        "state": "72"
    },
    {
        "id": 60388,
        "name": "Sant'Arcangelo Trimonte",
        "country": "ITA",
        "state": "72"
    },
    {
        "id": 60389,
        "name": "Sant'Arpino",
        "country": "ITA",
        "state": "72"
    },
    {
        "id": 60390,
        "name": "Sant'Arsenio",
        "country": "ITA",
        "state": "72"
    },
    {
        "id": 60392,
        "name": "Sant'Egidio del Monte Albino",
        "country": "ITA",
        "state": "72"
    },
    {
        "id": 60394,
        "name": "Sant'Elena Irpina",
        "country": "ITA",
        "state": "72"
    },
    {
        "id": 60428,
        "name": "Santa Croce del Sannio",
        "country": "ITA",
        "state": "72"
    },
    {
        "id": 60445,
        "name": "Santa Lucia",
        "country": "ITA",
        "state": "72"
    },
    {
        "id": 60449,
        "name": "Santa Lucia di Serino",
        "country": "ITA",
        "state": "72"
    },
    {
        "id": 60455,
        "name": "Santa Maria",
        "country": "ITA",
        "state": "72"
    },
    {
        "id": 60457,
        "name": "Santa Maria A Vico",
        "country": "ITA",
        "state": "72"
    },
    {
        "id": 60459,
        "name": "Santa Maria Capua Vetere",
        "country": "ITA",
        "state": "72"
    },
    {
        "id": 60464,
        "name": "Santa Maria La Carità",
        "country": "ITA",
        "state": "72"
    },
    {
        "id": 60479,
        "name": "Santa Maria la Fossa",
        "country": "ITA",
        "state": "72"
    },
    {
        "id": 60482,
        "name": "Santa Marina",
        "country": "ITA",
        "state": "72"
    },
    {
        "id": 60488,
        "name": "Santa Paolina",
        "country": "ITA",
        "state": "72"
    },
    {
        "id": 60493,
        "name": "Santa Tecla-Castelpagano",
        "country": "ITA",
        "state": "72"
    },
    {
        "id": 60519,
        "name": "Santo Stefano del Sole",
        "country": "ITA",
        "state": "72"
    },
    {
        "id": 60528,
        "name": "Santomenna",
        "country": "ITA",
        "state": "72"
    },
    {
        "id": 60532,
        "name": "Sanza",
        "country": "ITA",
        "state": "72"
    },
    {
        "id": 60538,
        "name": "Sapri",
        "country": "ITA",
        "state": "72"
    },
    {
        "id": 60554,
        "name": "Sarno",
        "country": "ITA",
        "state": "72"
    },
    {
        "id": 60567,
        "name": "Sassano",
        "country": "ITA",
        "state": "72"
    },
    {
        "id": 60571,
        "name": "Sassinoro",
        "country": "ITA",
        "state": "72"
    },
    {
        "id": 60586,
        "name": "Saviano",
        "country": "ITA",
        "state": "72"
    },
    {
        "id": 60588,
        "name": "Savignano Irpino",
        "country": "ITA",
        "state": "72"
    },
    {
        "id": 60602,
        "name": "Scafati",
        "country": "ITA",
        "state": "72"
    },
    {
        "id": 60604,
        "name": "Scala",
        "country": "ITA",
        "state": "72"
    },
    {
        "id": 60610,
        "name": "Scalo Romagnano al Monte",
        "country": "ITA",
        "state": "72"
    },
    {
        "id": 60613,
        "name": "Scampia",
        "country": "ITA",
        "state": "72"
    },
    {
        "id": 60614,
        "name": "Scampitella",
        "country": "ITA",
        "state": "72"
    },
    {
        "id": 60631,
        "name": "Scario",
        "country": "ITA",
        "state": "72"
    },
    {
        "id": 60658,
        "name": "Scisciano",
        "country": "ITA",
        "state": "72"
    },
    {
        "id": 60678,
        "name": "Secondigliano",
        "country": "ITA",
        "state": "72"
    },
    {
        "id": 60722,
        "name": "Senerchia",
        "country": "ITA",
        "state": "72"
    },
    {
        "id": 60742,
        "name": "Serino",
        "country": "ITA",
        "state": "72"
    },
    {
        "id": 60764,
        "name": "Serramezzana",
        "country": "ITA",
        "state": "72"
    },
    {
        "id": 60768,
        "name": "Serrara Fontana",
        "country": "ITA",
        "state": "72"
    },
    {
        "id": 60778,
        "name": "Serre",
        "country": "ITA",
        "state": "72"
    },
    {
        "id": 60788,
        "name": "Sessa Aurunca",
        "country": "ITA",
        "state": "72"
    },
    {
        "id": 60789,
        "name": "Sessa Cilento",
        "country": "ITA",
        "state": "72"
    },
    {
        "id": 60836,
        "name": "Siano",
        "country": "ITA",
        "state": "72"
    },
    {
        "id": 60839,
        "name": "Sicignano degli Alburni",
        "country": "ITA",
        "state": "72"
    },
    {
        "id": 60872,
        "name": "Sirignano",
        "country": "ITA",
        "state": "72"
    },
    {
        "id": 60892,
        "name": "Soccavo",
        "country": "ITA",
        "state": "72"
    },
    {
        "id": 60921,
        "name": "Solofra",
        "country": "ITA",
        "state": "72"
    },
    {
        "id": 60923,
        "name": "Solopaca",
        "country": "ITA",
        "state": "72"
    },
    {
        "id": 60929,
        "name": "Somma Vesuviana",
        "country": "ITA",
        "state": "72"
    },
    {
        "id": 60950,
        "name": "Sorbo Serpico",
        "country": "ITA",
        "state": "72"
    },
    {
        "id": 60966,
        "name": "Sorrento",
        "country": "ITA",
        "state": "72"
    },
    {
        "id": 60990,
        "name": "Sparanise",
        "country": "ITA",
        "state": "72"
    },
    {
        "id": 60993,
        "name": "Spartimento",
        "country": "ITA",
        "state": "72"
    },
    {
        "id": 60999,
        "name": "Sperone",
        "country": "ITA",
        "state": "72"
    },
    {
        "id": 61048,
        "name": "Starza Vecchia",
        "country": "ITA",
        "state": "72"
    },
    {
        "id": 61062,
        "name": "Stella",
        "country": "ITA",
        "state": "72"
    },
    {
        "id": 61063,
        "name": "Stella Cilento",
        "country": "ITA",
        "state": "72"
    },
    {
        "id": 61078,
        "name": "Stio",
        "country": "ITA",
        "state": "72"
    },
    {
        "id": 61096,
        "name": "Striano",
        "country": "ITA",
        "state": "72"
    },
    {
        "id": 61105,
        "name": "Sturno",
        "country": "ITA",
        "state": "72"
    },
    {
        "id": 61110,
        "name": "Succivo",
        "country": "ITA",
        "state": "72"
    },
    {
        "id": 61120,
        "name": "Summonte",
        "country": "ITA",
        "state": "72"
    },
    {
        "id": 61174,
        "name": "Taurano",
        "country": "ITA",
        "state": "72"
    },
    {
        "id": 61175,
        "name": "Taurasi",
        "country": "ITA",
        "state": "72"
    },
    {
        "id": 61199,
        "name": "Teano",
        "country": "ITA",
        "state": "72"
    },
    {
        "id": 61201,
        "name": "Teggiano-Macchiaroli",
        "country": "ITA",
        "state": "72"
    },
    {
        "id": 61205,
        "name": "Telese",
        "country": "ITA",
        "state": "72"
    },
    {
        "id": 61216,
        "name": "Teora",
        "country": "ITA",
        "state": "72"
    },
    {
        "id": 61255,
        "name": "Terzigno",
        "country": "ITA",
        "state": "72"
    },
    {
        "id": 61269,
        "name": "Teverola",
        "country": "ITA",
        "state": "72"
    },
    {
        "id": 61292,
        "name": "Tocco Caudio",
        "country": "ITA",
        "state": "72"
    },
    {
        "id": 61315,
        "name": "Tora",
        "country": "ITA",
        "state": "72"
    },
    {
        "id": 61320,
        "name": "Torchiara",
        "country": "ITA",
        "state": "72"
    },
    {
        "id": 61322,
        "name": "Torchiati",
        "country": "ITA",
        "state": "72"
    },
    {
        "id": 61324,
        "name": "Torella dei Lombardi",
        "country": "ITA",
        "state": "72"
    },
    {
        "id": 61326,
        "name": "Torelli-Torrette",
        "country": "ITA",
        "state": "72"
    },
    {
        "id": 61341,
        "name": "Torraca",
        "country": "ITA",
        "state": "72"
    },
    {
        "id": 61347,
        "name": "Torre Annunziata",
        "country": "ITA",
        "state": "72"
    },
    {
        "id": 61353,
        "name": "Torre Caracciolo",
        "country": "ITA",
        "state": "72"
    },
    {
        "id": 61371,
        "name": "Torre del Greco",
        "country": "ITA",
        "state": "72"
    },
    {
        "id": 61377,
        "name": "Torre le Nocelle",
        "country": "ITA",
        "state": "72"
    },
    {
        "id": 61357,
        "name": "Torre Orsaia",
        "country": "ITA",
        "state": "72"
    },
    {
        "id": 61381,
        "name": "Torrecuso",
        "country": "ITA",
        "state": "72"
    },
    {
        "id": 61391,
        "name": "Torretta-Scalzapecora",
        "country": "ITA",
        "state": "72"
    },
    {
        "id": 61408,
        "name": "Torrioni",
        "country": "ITA",
        "state": "72"
    },
    {
        "id": 61415,
        "name": "Tortorella",
        "country": "ITA",
        "state": "72"
    },
    {
        "id": 61432,
        "name": "Tramonti",
        "country": "ITA",
        "state": "72"
    },
    {
        "id": 61464,
        "name": "Trecase",
        "country": "ITA",
        "state": "72"
    },
    {
        "id": 61482,
        "name": "Trentinara",
        "country": "ITA",
        "state": "72"
    },
    {
        "id": 61484,
        "name": "Trentola-Ducenta",
        "country": "ITA",
        "state": "72"
    },
    {
        "id": 61493,
        "name": "Trescine",
        "country": "ITA",
        "state": "72"
    },
    {
        "id": 61503,
        "name": "Trevico",
        "country": "ITA",
        "state": "72"
    },
    {
        "id": 61564,
        "name": "Tufino",
        "country": "ITA",
        "state": "72"
    },
    {
        "id": 61565,
        "name": "Tufo",
        "country": "ITA",
        "state": "72"
    },
    {
        "id": 61641,
        "name": "Vairano-Patenora",
        "country": "ITA",
        "state": "72"
    },
    {
        "id": 61683,
        "name": "Vallata",
        "country": "ITA",
        "state": "72"
    },
    {
        "id": 61684,
        "name": "Valle Agricola",
        "country": "ITA",
        "state": "72"
    },
    {
        "id": 61695,
        "name": "Valle dell'Angelo",
        "country": "ITA",
        "state": "72"
    },
    {
        "id": 61698,
        "name": "Valle di Maddaloni",
        "country": "ITA",
        "state": "72"
    },
    {
        "id": 61716,
        "name": "Vallesaccarda",
        "country": "ITA",
        "state": "72"
    },
    {
        "id": 61724,
        "name": "Vallo della Lucania",
        "country": "ITA",
        "state": "72"
    },
    {
        "id": 61745,
        "name": "Valva",
        "country": "ITA",
        "state": "72"
    },
    {
        "id": 61824,
        "name": "Venticano",
        "country": "ITA",
        "state": "72"
    },
    {
        "id": 61908,
        "name": "Vibonati",
        "country": "ITA",
        "state": "72"
    },
    {
        "id": 61912,
        "name": "Vicaria",
        "country": "ITA",
        "state": "72"
    },
    {
        "id": 61917,
        "name": "Vico Equense",
        "country": "ITA",
        "state": "72"
    },
    {
        "id": 61935,
        "name": "Vietri sul Mare",
        "country": "ITA",
        "state": "72"
    },
    {
        "id": 62040,
        "name": "Villa di Briano",
        "country": "ITA",
        "state": "72"
    },
    {
        "id": 62004,
        "name": "Villa Literno",
        "country": "ITA",
        "state": "72"
    },
    {
        "id": 62081,
        "name": "Villamaina",
        "country": "ITA",
        "state": "72"
    },
    {
        "id": 62086,
        "name": "Villammare",
        "country": "ITA",
        "state": "72"
    },
    {
        "id": 62108,
        "name": "Villanova del Battista",
        "country": "ITA",
        "state": "72"
    },
    {
        "id": 62129,
        "name": "Villaricca",
        "country": "ITA",
        "state": "72"
    },
    {
        "id": 62172,
        "name": "Visciano",
        "country": "ITA",
        "state": "72"
    },
    {
        "id": 62188,
        "name": "Vitulano",
        "country": "ITA",
        "state": "72"
    },
    {
        "id": 62189,
        "name": "Vitulazio",
        "country": "ITA",
        "state": "72"
    },
    {
        "id": 62206,
        "name": "Volla",
        "country": "ITA",
        "state": "72"
    },
    {
        "id": 62221,
        "name": "Volturara Irpina",
        "country": "ITA",
        "state": "72"
    },
    {
        "id": 62224,
        "name": "Vomero",
        "country": "ITA",
        "state": "72"
    },
    {
        "id": 62272,
        "name": "Zona Industriale",
        "country": "ITA",
        "state": "72"
    },
    {
        "id": 62286,
        "name": "Zungoli",
        "country": "ITA",
        "state": "72"
    },
    {
        "id": 62288,
        "name": "Zuni",
        "country": "ITA",
        "state": "72"
    }
]